year,make,model,class,eng_size,cylinders,transmission,fuel_type,fuel_consumption_city,fuel_consumption_hwy,fuel_consumption_hwy_city,mpg,co2_emm,co2_rating,smog_rating
2017,acura,ilx,compact,2.4,4,AM8,Z,9.4,6.8,8.2,34,192,7,6
2017,acura,mdx_sh_awd,suv_small,3.5,6,AS9,Z,12.6,9,11,26,259,4,6
2017,acura,mdx_sh_awd_elite,suv_small,3.5,6,AS9,Z,12.2,9,10.7,26,251,5,6
2017,acura,mdx_hybrid_awd,suv_small,3,6,AM7,Z,9.1,9,9,31,210,6,6
2017,acura,nsx,two_seater,3.5,6,AM9,Z,11.1,10.8,11,26,261,4,6
2017,acura,rdx_awd,suv_small,3.5,6,AS6,Z,12.4,8.7,10.7,26,250,5,6
2017,acura,rlx_hybrid,mid_size,3.5,6,AM7,Z,8.2,7.8,8.1,35,190,7,8
2017,acura,tlx,compact,2.4,4,AM8,Z,9.6,6.6,8.3,34,197,6,6
2017,acura,tlx_sh_awd,compact,3.5,6,AS9,Z,11.2,7.5,9.6,29,226,5,6
2017,alfa_romeo,4c,two_seater,1.8,4,AM6,Z,9.7,6.9,8.4,34,197,6,5
2017,alfa_romeo,4c_spider,two_seater,1.8,4,AM6,Z,9.7,6.9,8.4,34,197,6,5
2017,alfa_romeo,giulia,mid_size,2,4,A8,Z,10,7.2,8.7,32,205,6,6
2017,alfa_romeo,giulia_awd,mid_size,2,4,A8,Z,10.5,7.7,9.2,31,217,6,6
2017,alfa_romeo,giulia_quadrifoglio,mid_size,2.9,6,A8,Z,13.8,9.6,11.9,24,280,4,6
2017,aston_martin,db11_v12,minicompact,5.2,12,A8,Z,15.5,11.4,13.7,21,322,3,6
2017,aston_martin,rapide_s,subcompact,6,12,A8,Z,16.7,10.9,14.1,20,331,3,6
2017,aston_martin,vanquish,minicompact,6,12,A8,Z,17.5,11.4,14.7,19,345,2,6
2017,aston_martin,v12_vantage_s,two_seater,6,12,AM7,Z,19.4,12.8,16.4,17,388,1,6
2017,aston_martin,v12_vantage_s,two_seater,6,12,M7,Z,23.2,14.4,19.2,15,450,1,6
2017,audi,a3,subcompact,2,4,AM7,X,9.1,6.8,8,35,188,7,8
2017,audi,a3_quattro,subcompact,2,4,AM6,X,9.7,7.5,8.7,32,205,6,8
2017,audi,a3_cabriolet_quattro,subcompact,2,4,AM6,X,10.8,8,9.5,30,223,5,8
2017,audi,a4_ultra,compact,2,4,AM7,Z,8.6,6.4,7.6,37,177,7,6
2017,audi,a4_quattro,compact,2,4,AM7,Z,9.8,7.7,8.8,32,205,6,6
2017,audi,a4_quattro,compact,2,4,M6,Z,9.9,7,8.6,33,204,6,6
2017,audi,a4_allroad_quattro,station_wagon_small,2,4,AM7,Z,10.2,8.3,9.3,30,217,6,6
2017,audi,a5_quattro,subcompact,2,4,AS8,Z,11,8,9.7,29,226,5,6
2017,audi,a5_quattro,subcompact,2,4,M6,Z,10.4,7.3,9,31,210,6,6
2017,audi,a5_cabriolet_quattro,subcompact,2,4,AS8,Z,11.3,8.2,9.9,29,231,5,6
2017,audi,a6_quattro,mid_size,2,4,AS8,Z,10.9,7.5,9.4,30,220,5,7
2017,audi,a6_quattro,mid_size,3,6,AS8,Z,11.5,8.2,10,28,238,5,6
2017,audi,a7_quattro,mid_size,3,6,AS8,Z,11.5,8.2,10,28,238,5,6
2017,audi,a8,mid_size,3,6,AS8,Z,12.6,8,10.5,27,246,5,6
2017,audi,a8,mid_size,4,8,AS8,Z,12.9,8,10.7,26,249,5,6
2017,audi,a8l,full_size,4,8,AS8,Z,13.1,8.3,10.9,26,255,5,6
2017,audi,q3,compact,2,4,AS6,Z,11.9,8.4,10.3,27,243,5,6
2017,audi,q3_quattro,compact,2,4,AS6,Z,11.9,8.4,10.3,27,241,5,6
2017,audi,q5,suv_small,2,4,AS8,Z,12,8.6,10.5,27,246,5,6
2017,audi,q5,suv_small,3,6,AS8,Z,13.2,9.2,11.4,25,267,4,6
2017,audi,q7,suv_standard,2,4,AS8,Z,11.9,9.6,10.8,26,253,5,6
2017,audi,q7,suv_standard,3,6,AS8,Z,12.6,9.4,11.1,25,260,4,5
2017,audi,r8,two_seater,5.2,10,AM7,Z,16.5,11.2,14.1,20,330,3,5
2017,audi,r8_spyder,two_seater,5.2,10,AM7,Z,16.5,11.2,14.1,20,330,3,5
2017,audi,rs_7,mid_size,4,8,AS8,Z,16.2,9.3,13.1,22,309,3,6
2017,audi,s3,subcompact,2,4,AM6,Z,11,8.5,9.9,29,232,5,6
2017,audi,s5,subcompact,3,6,AM7,Z,13,8.5,11,26,259,4,6
2017,audi,s5,subcompact,3,6,M6,Z,13.8,9,11.7,24,273,4,6
2017,audi,s5_cabriolet,subcompact,3,6,AM7,Z,13.3,9.1,11.4,25,266,4,6
2017,audi,s6,mid_size,4,8,AM7,Z,13.3,8.8,11.3,25,263,4,6
2017,audi,s7,mid_size,4,8,AM7,Z,13.4,8.8,11.4,25,265,4,6
2017,audi,s8,mid_size,4,8,AS8,Z,16.2,9.9,13.4,21,312,3,6
2017,audi,sq5,suv_small,3,6,AS8,Z,14.1,9.9,12.2,23,285,4,6
2017,audi,tt_coupe_quattro,subcompact,2,4,AM6,X,10.1,7.8,9.1,31,209,6,8
2017,audi,tt_roadster_quattro,two_seater,2,4,AM6,X,10.1,7.8,9.1,31,209,6,8
2017,audi,tts_coupe_quattro,subcompact,2,4,AM6,Z,10.3,8.6,9.5,30,222,5,6
2017,bentley,bentayga,suv_standard,6,12,AS8,Z,18.8,12.2,15.9,18,370,2,6
2017,bentley,continental_gt,compact,4,8,AS8,Z,16.1,9.4,13.1,22,307,3,6
2017,bentley,continental_gt,compact,6,12,AS8,Z,18.9,11.2,15.4,18,360,2,5
2017,bentley,continental_gt_convertible,subcompact,4,8,AS8,Z,17.7,10.3,14.4,20,337,2,6
2017,bentley,continental_gt_convertible,subcompact,6,12,AS8,Z,19.6,11.7,16,18,375,2,5
2017,bentley,flying_spur,mid_size,4,8,AS8,Z,17,9.9,13.8,20,321,3,6
2017,bentley,flying_spur,mid_size,6,12,AS8,Z,19.6,11.7,16,18,375,2,5
2017,bentley,mulsanne,mid_size,6.8,8,AS8,Z,21.3,12.8,17.5,16,407,1,5
2017,bentley,mulsanne_ewb,mid_size,6.8,8,AS8,Z,22.2,13.6,18.3,15,430,1,5
2017,bmw,230i_cabriolet,subcompact,2,4,AS8,Z,10,7.2,8.7,32,207,6,8
2017,bmw,230i_coupe,subcompact,2,4,AS8,Z,9.8,6.8,8.4,34,197,6,8
2017,bmw,230i_coupe,subcompact,2,4,M6,Z,11.1,7.3,9.4,30,219,5,8
2017,bmw,230i_xdrive_cabriolet,subcompact,2,4,AS8,Z,10.5,7.4,9.1,31,213,6,8
2017,bmw,230i_xdrive_coupe,subcompact,2,4,AS8,Z,10.2,7.4,9,31,210,6,8
2017,bmw,320i,compact,2,4,AS8,Z,10,6.5,8.4,34,200,6,6
2017,bmw,320i,compact,2,4,M6,Z,10.2,6.7,8.6,33,202,6,6
2017,bmw,320i_xdrive,compact,2,4,AS8,Z,10.3,6.9,8.8,32,206,6,6
2017,bmw,328d_xdrive,compact,2,4,AS8,D,7.9,5.9,7,40,189,7,6
2017,bmw,328d_xdrive_touring,station_wagon_small,2,4,AS8,D,7.9,5.9,7,40,189,7,6
2017,bmw,330i_xdrive,compact,2,4,AS8,Z,10.5,7.4,9.1,31,213,6,8
2017,bmw,330i_xdrive_gran_turismo,full_size,2,4,AS8,Z,10.5,7.4,9.1,31,213,6,8
2017,bmw,330i_xdrive_touring,station_wagon_small,2,4,AS8,Z,10.5,7.4,9.1,31,213,6,8
2017,bmw,340i,compact,3,6,AS8,Z,11.1,7.8,9.6,29,224,5,6
2017,bmw,340i,compact,3,6,M6,Z,12.2,8.2,10.4,27,242,5,6
2017,bmw,340i_xdrive,compact,3,6,AS8,Z,11.4,7.8,9.8,29,228,5,6
2017,bmw,340i_xdrive,compact,3,6,M6,Z,12.2,8.5,10.5,27,246,5,6
2017,bmw,340i_xdrive_gran_turismo,full_size,3,6,AS8,Z,11.9,8.1,10.2,28,238,5,6
2017,bmw,430i_xdrive_cabriolet,subcompact,2,4,AS8,Z,10.6,7.3,9.1,31,211,6,8
2017,bmw,430i_xdrive_coupe,compact,2,4,AS8,Z,10.5,7.4,9.1,31,213,6,8
2017,bmw,430i_xdrive_gran_coupe,compact,2,4,AS8,Z,10.5,7.4,9.1,31,213,6,8
2017,bmw,440i_coupe,compact,3,6,AS8,Z,11.1,7.8,9.6,29,224,5,6
2017,bmw,440i_coupe,compact,3,6,M6,Z,12.2,8.2,10.4,27,242,5,6
2017,bmw,440i_xdrive_cabriolet,subcompact,3,6,AS8,Z,11.9,8.1,10.2,28,238,5,6
2017,bmw,440i_xdrive_coupe,compact,3,6,AS8,Z,11.4,7.8,9.8,29,228,5,6
2017,bmw,440i_xdrive_coupe,compact,3,6,M6,Z,12.2,8.5,10.5,27,246,5,6
2017,bmw,440i_xdrive_gran_coupe,compact,3,6,AS8,Z,11.4,7.8,9.8,29,228,5,6
2017,bmw,530i_xdrive,mid_size,2,4,AS8,Z,10.5,7.4,9.1,31,213,6,8
2017,bmw,540i_xdrive,mid_size,3,6,AS8,Z,11.4,7.8,9.8,29,228,5,7
2017,bmw,640i_xdrive_cabriolet,subcompact,3,6,AS8,Z,12.4,8.4,10.6,27,249,5,6
2017,bmw,640i_xdrive_gran_coupe,compact,3,6,AS8,Z,12.4,8.4,10.6,27,249,5,6
2017,bmw,650i_xdrive_cabriolet,subcompact,4.4,8,AS8,Z,14.7,9.7,12.5,23,292,4,6
2017,bmw,650i_xdrive_coupe,compact,4.4,8,AS8,Z,13.8,9.1,11.7,24,273,4,6
2017,bmw,650i_xdrive_gran_coupe,compact,4.4,8,AS8,Z,14.7,9.7,12.5,23,292,4,6
2017,bmw,740li_xdrive,full_size,3,6,AS8,Z,11.9,8.1,10.2,28,238,5,6
2017,bmw,750i_xdrive,full_size,4.4,8,AS8,Z,13.8,9.1,11.7,24,273,4,6
2017,bmw,750li_xdrive,full_size,4.4,8,AS8,Z,14.7,9.7,12.5,23,292,4,6
2017,bmw,alpina_b6_xdrive_gran_coupe,compact,4.4,8,AS8,Z,14.7,9.7,12.5,23,292,4,6
2017,bmw,alpina_b7_xdrive,full_size,4.4,8,AS8,Z,14.7,9.7,12.5,23,292,4,6
2017,bmw,m2,subcompact,3,6,AM7,Z,11.8,8.9,10.5,27,245,5,6
2017,bmw,m2,subcompact,3,6,M6,Z,13.1,9.2,11.4,25,267,4,6
2017,bmw,m240i_cabriolet,subcompact,3,6,AS8,Z,11.1,7.8,9.6,29,224,5,6
2017,bmw,m240i_cabriolet,subcompact,3,6,M6,Z,12.2,8.2,10.4,27,242,5,6
2017,bmw,m240i_coupe,subcompact,3,6,AS8,Z,11.1,7.8,9.6,29,224,5,6
2017,bmw,m240i_coupe,subcompact,3,6,M6,Z,12.5,8.4,10.7,26,250,5,6
2017,bmw,m240i_xdrive_cabriolet,subcompact,3,6,AS8,Z,11.4,7.8,9.8,29,228,5,6
2017,bmw,m240i_xdrive_coupe,subcompact,3,6,AS8,Z,11.4,7.8,9.8,29,228,5,6
2017,bmw,m3,compact,3,6,AM7,Z,14,9.7,12.1,23,284,4,6
2017,bmw,m3,compact,3,6,M6,Z,13.7,9.1,11.7,24,273,4,6
2017,bmw,m4_cabriolet,subcompact,3,6,AM7,Z,14.1,9.6,12.1,23,283,4,6
2017,bmw,m4_cabriolet,subcompact,3,6,M6,Z,13.7,9.1,11.7,24,273,4,6
2017,bmw,m4_coupe,compact,3,6,AM7,Z,14,9.7,12.1,23,284,4,6
2017,bmw,m4_coupe,compact,3,6,M6,Z,13.7,9.1,11.7,24,273,4,6
2017,bmw,m6,compact,4.4,8,AM7,Z,17.2,11.6,14.7,19,343,2,6
2017,bmw,m6,compact,4.4,8,M6,Z,16.2,10.9,13.8,20,324,3,6
2017,bmw,m6_cabriolet,subcompact,4.4,8,AM7,Z,17.2,11.6,14.7,19,343,2,6
2017,bmw,m6_cabriolet,subcompact,4.4,8,M6,Z,16.2,10.9,13.8,20,324,3,6
2017,bmw,m6_gran_coupe,compact,4.4,8,AM7,Z,17.2,11.6,14.7,19,343,2,6
2017,bmw,m6_gran_coupe,compact,4.4,8,M6,Z,16.2,10.9,13.8,20,324,3,6
2017,bmw,m760i_xdrive,full_size,6.6,12,AS8,Z,17.7,11.9,15.1,19,355,2,6
2017,bmw,x1_xdrive28i,suv_small,2,4,AS8,Z,10.5,7.4,9.1,31,213,6,8
2017,bmw,x3_xdrive28d,suv_small,2,4,AS8,D,8.7,7.1,8,35,211,6,6
2017,bmw,x3_xdrive28i,suv_small,2,4,AS8,Z,11.1,8.5,10,28,233,5,6
2017,bmw,x3_xdrive35i,suv_small,3,6,AS8,Z,12.7,9.1,11.1,25,260,4,6
2017,bmw,x4_m40i,suv_small,3,6,AS8,Z,12.7,9.1,11.1,25,260,4,6
2017,bmw,x4_xdrive28i,suv_small,2,4,AS8,Z,11.8,8.6,10.3,27,240,5,6
2017,bmw,x5_m,suv_standard,4.4,8,AS8,Z,16.6,12.1,14.6,19,341,2,6
2017,bmw,x5_xdrive35d,suv_standard,3,6,AS8,D,10.3,8,9.3,30,249,5,6
2017,bmw,x5_xdrive35i,suv_standard,3,6,AS8,Z,13,9.8,11.5,25,270,4,6
2017,bmw,x5_xdrive50i,suv_standard,4.4,8,AS8,Z,15.6,11.3,13.7,21,320,3,6
2017,bmw,x6_m,suv_standard,4.4,8,AS8,Z,16.6,12.1,14.6,19,341,2,6
2017,bmw,x6_xdrive35i,suv_standard,3,6,AS8,Z,13,9.8,11.5,25,270,4,6
2017,bmw,x6_xdrive50i,suv_standard,4.4,8,AS8,Z,15.6,11.3,13.7,21,320,3,6
2017,buick,enclave,suv_standard,3.6,6,A6,X,15.7,10.6,13.4,21,315,3,5
2017,buick,enclave_awd,suv_standard,3.6,6,A6,X,16,10.9,13.7,21,322,3,5
2017,buick,encore_(luv_engine),suv_small,1.4,4,AS6,X,9.3,7.2,8.3,34,194,7,6
2017,buick,encore_(le2_engine),suv_small,1.4,4,AS6,X,8.6,7.1,7.9,36,185,7,6
2017,buick,encore_awd_(luv_engine),suv_small,1.4,4,AS6,X,9.8,7.7,8.8,32,208,6,6
2017,buick,encore_awd_(le2_engine),suv_small,1.4,4,AS6,X,8.9,7.6,8.3,34,196,6,6
2017,buick,envision_awd,suv_small,2,4,A6,Z,11.8,9.1,10.6,27,248,5,6
2017,buick,envision_awd,suv_small,2.5,4,A6,X,11.1,8.4,9.9,29,232,5,6
2017,buick,lacrosse,mid_size,3.6,6,AS8,X,11.2,7.5,9.5,30,224,5,6
2017,buick,lacrosse_awd,mid_size,3.6,6,AS8,X,11.6,8.1,10,28,235,5,6
2017,buick,regal,mid_size,2,4,AS6,Z,11.5,8,9.9,29,233,5,6
2017,buick,regal_awd,mid_size,2,4,AS6,Z,12.1,8.9,10.7,26,250,5,6
2017,buick,verano,compact,2.4,4,AS6,X,11.3,7.6,9.7,29,226,5,6
2017,cadillac,ats,compact,2,4,AS8,Z,10.6,7.7,9.3,30,217,6,6
2017,cadillac,ats,compact,2,4,M6,Z,11.8,8,10.1,28,236,5,6
2017,cadillac,ats,compact,2.5,4,AS8,X,10.7,7.4,9.2,31,216,6,6
2017,cadillac,ats,compact,3.6,6,AS8,X,11.6,8,10,28,234,5,6
2017,cadillac,ats_awd,compact,2,4,AS8,Z,10.8,7.9,9.5,30,222,5,6
2017,cadillac,ats_awd,compact,3.6,6,AS8,X,12.2,8.6,10.6,27,248,5,6
2017,cadillac,ats_v,compact,3.6,6,AS8,Z,13.9,9.4,11.9,24,279,4,6
2017,cadillac,ats_v,compact,3.6,6,M6,Z,14.4,10.4,12.6,22,295,4,6
2017,cadillac,ct6,full_size,2,4,AS8,Z,11,7.8,9.5,30,223,5,6
2017,cadillac,ct6_awd,full_size,3,6,AS8,Z,13,9.1,11.2,25,263,4,6
2017,cadillac,ct6_awd,full_size,3.6,6,AS8,X,12.8,8.8,11,26,259,4,6
2017,cadillac,cts,mid_size,2,4,AS8,Z,11,7.8,9.5,30,223,5,6
2017,cadillac,cts,mid_size,3.6,6,AS8,X,11.6,8,10,28,234,5,6
2017,cadillac,cts_awd,mid_size,2,4,AS8,Z,11.2,8.2,9.8,29,229,5,6
2017,cadillac,cts_awd,mid_size,3.6,6,AS8,X,12.2,8.6,10.6,27,248,5,6
2017,cadillac,cts_vsport,mid_size,3.6,6,AS8,Z,15,9.9,12.7,22,299,3,6
2017,cadillac,cts_v,mid_size,6.2,8,AS8,Z,16.5,11.1,14,20,329,3,5
2017,cadillac,escalade_4wd,suv_standard,6.2,8,A8,Z,16.1,11.7,14.1,20,331,3,5
2017,cadillac,xt5,suv_small,3.6,6,AS8,X,12.1,8.6,10.5,27,245,5,5
2017,cadillac,xt5_awd,suv_small,3.6,6,AS8,X,12.9,8.9,11.1,25,260,4,5
2017,cadillac,xts,full_size,3.6,6,AS6,X,13.2,8.5,11.1,25,260,4,6
2017,cadillac,xts_awd,full_size,3.6,6,AS6,X,13.7,9,11.6,24,272,4,6
2017,cadillac,xts_vsport_awd,full_size,3.6,6,AS6,Z,15,10.3,12.8,22,299,3,6
2017,chevrolet,camaro,subcompact,2,4,AS8,Z,10.9,7.7,9.5,30,222,5,6
2017,chevrolet,camaro,subcompact,2,4,M6,Z,11.9,8,10.1,28,236,5,6
2017,chevrolet,camaro,subcompact,3.6,6,AS8,X,12.3,8.6,10.6,27,249,5,6
2017,chevrolet,camaro,subcompact,3.6,6,M6,X,14.4,8.4,11.7,24,274,4,6
2017,chevrolet,camaro_ss,subcompact,6.2,8,AS8,Z,14.2,8.7,11.7,24,273,4,5
2017,chevrolet,camaro_ss,subcompact,6.2,8,M6,Z,14.3,9.4,12.1,23,284,4,5
2017,chevrolet,camaro_zl1,subcompact,6.2,8,AS10,Z,19,11.6,15.6,18,367,2,5
2017,chevrolet,camaro_zl1,subcompact,6.2,8,M6,Z,17.2,12,14.9,19,349,2,5
2017,chevrolet,city_express,special_purpose_vehicle,2,4,AV,X,9.8,9,9.4,30,220,5,6
2017,chevrolet,colorado,pickup_truck_small,2.5,4,A6,X,12,9.2,10.7,26,252,5,6
2017,chevrolet,colorado,pickup_truck_small,2.5,4,M6,X,12.2,9.2,10.9,26,254,5,6
2017,chevrolet,colorado,pickup_truck_small,2.8,4,A6,D,10.8,7.9,9.5,30,255,5,6
2017,chevrolet,colorado,pickup_truck_small,3.6,6,A8,X,13.4,9.6,11.7,24,274,4,7
2017,chevrolet,colorado_4wd,pickup_truck_small,2.5,4,A6,X,12.7,9.6,11.3,25,263,4,6
2017,chevrolet,colorado_4wd,pickup_truck_small,2.8,4,A6,D,12.1,8.4,10.4,27,280,4,6
2017,chevrolet,colorado_4wd,pickup_truck_small,3.6,6,A8,X,14,9.9,12.2,23,286,4,7
2017,chevrolet,colorado_zr2_4wd,pickup_truck_small,2.8,4,A6,D,12.5,10.7,11.7,24,315,3,6
2017,chevrolet,colorado_zr2_4wd,pickup_truck_small,3.6,6,A8,X,15,13,14.1,20,331,3,7
2017,chevrolet,corvette,two_seater,6.2,8,AS8,Z,15.2,8.9,12.4,23,290,4,5
2017,chevrolet,corvette,two_seater,6.2,8,M7,Z,14.2,9,11.9,24,278,4,5
2017,chevrolet,corvette_z06,two_seater,6.2,8,AS8,Z,17.6,10.3,14.3,20,336,2,5
2017,chevrolet,corvette_z06,two_seater,6.2,8,M7,Z,15.6,10.6,13.4,21,312,3,5
2017,chevrolet,cruze,compact,1.4,4,AS6,X,7.9,5.9,7,40,165,8,6
2017,chevrolet,cruze,compact,1.4,4,M6,X,8.3,6,7.3,39,170,7,6
2017,chevrolet,cruze_premier,compact,1.4,4,AS6,X,8.1,6,7.2,39,169,8,6
2017,chevrolet,cruze_diesel,compact,1.6,4,A9,D,7.6,5,6.4,44,172,7,6
2017,chevrolet,cruze_diesel,compact,1.6,4,M6,D,7.7,4.5,6.3,45,169,8,6
2017,chevrolet,cruze_hatchback,compact,1.4,4,AS6,X,8.1,6.2,7.3,39,172,7,6
2017,chevrolet,cruze_hatchback,compact,1.4,4,M6,X,8.3,6.4,7.4,38,173,7,6
2017,chevrolet,cruze_hatchback_premier,compact,1.4,4,AS6,X,8.4,6.4,7.5,38,176,7,6
2017,chevrolet,equinox,suv_small,2.4,4,A6,X,11,7.5,9.4,30,221,5,6
2017,chevrolet,equinox_ffv,suv_small,2.4,4,A6,X,11,7.5,9.4,30,221,5,6
2017,chevrolet,equinox_ffv,suv_small,2.4,4,A6,E,15.6,11,13.6,21,223,5,6
2017,chevrolet,equinox,suv_small,3.6,6,A6,X,14.1,9.7,12.1,23,285,4,6
2017,chevrolet,equinox_awd,suv_small,2.4,4,A6,X,11.5,8.3,10.1,28,237,5,6
2017,chevrolet,equinox_awd_ffv,suv_small,2.4,4,A6,X,11.5,8.3,10.1,28,237,5,6
2017,chevrolet,equinox_awd_ffv,suv_small,2.4,4,A6,E,16.3,11.8,14.2,20,234,5,6
2017,chevrolet,equinox_awd,suv_small,3.6,6,A6,X,15,10.4,13,22,304,3,6
2017,chevrolet,express_2500_passenger,van_passenger,6,8,A6,X,21.8,14.8,18.6,15,438,1,2
2017,chevrolet,express_3500_passenger,van_passenger,6,8,A6,X,22.3,14.9,19,15,445,1,2
2017,chevrolet,impala,full_size,2.5,4,AS6,X,10.9,7.9,9.5,30,224,5,6
2017,chevrolet,impala_ffv,full_size,3.6,6,AS6,X,12.5,8.3,10.6,27,249,5,6
2017,chevrolet,impala_ffv,full_size,3.6,6,AS6,E,17,11.7,14.6,19,240,5,6
2017,chevrolet,malibu,mid_size,1.5,4,A6,X,8.8,6.5,7.8,36,182,7,6
2017,chevrolet,malibu,mid_size,2,4,A9,Z,10.7,7.1,9.1,31,212,6,6
2017,chevrolet,malibu_hybrid,mid_size,1.8,4,AV,X,4.8,5.5,5.1,55,121,10,6
2017,chevrolet,silverado,pickup_truck_standard,5.3,8,A6,X,14.6,10.3,12.7,22,297,4,5
2017,chevrolet,silverado,pickup_truck_standard,5.3,8,A8,X,15.2,10.7,13.1,22,309,3,5
2017,chevrolet,silverado,pickup_truck_standard,6.2,8,A8,Z,15.9,11.2,13.8,20,324,3,5
2017,chevrolet,silverado_ffv,pickup_truck_standard,4.3,6,A6,X,13.4,10,11.9,24,279,4,7
2017,chevrolet,silverado_ffv,pickup_truck_standard,4.3,6,A6,E,19.3,14.3,17.1,17,284,4,7
2017,chevrolet,silverado_ffv,pickup_truck_standard,5.3,8,A6,X,14.6,10.3,12.7,22,298,4,5
2017,chevrolet,silverado_ffv,pickup_truck_standard,5.3,8,A6,E,19.7,13.9,17.1,17,284,4,5
2017,chevrolet,silverado_4wd,pickup_truck_standard,5.3,8,A6,X,15,10.7,13.1,22,307,3,5
2017,chevrolet,silverado_4wd,pickup_truck_standard,5.3,8,A8,X,15.9,11.5,13.9,20,327,3,5
2017,chevrolet,silverado_4wd,pickup_truck_standard,6.2,8,A8,Z,16,11.7,14.1,20,330,3,5
2017,chevrolet,silverado_4wd_ffv,pickup_truck_standard,4.3,6,A6,X,14.1,10.6,12.5,23,294,4,7
2017,chevrolet,silverado_4wd_ffv,pickup_truck_standard,4.3,6,A6,E,20.2,15.2,18,16,294,4,7
2017,chevrolet,silverado_4wd_ffv,pickup_truck_standard,5.3,8,A6,X,15,10.7,13.1,22,307,3,5
2017,chevrolet,silverado_4wd_ffv,pickup_truck_standard,5.3,8,A6,E,20.7,14.4,17.9,16,315,3,5
2017,chevrolet,silverado_eassist_4wd,pickup_truck_standard,5.3,8,A8,X,14.4,11.2,13,22,303,3,5
2017,chevrolet,sonic,compact,1.4,4,AS6,X,8.8,6.6,7.8,36,184,7,6
2017,chevrolet,sonic,compact,1.4,4,M6,X,8.4,6.3,7.4,38,174,7,6
2017,chevrolet,sonic,compact,1.8,4,AS6,X,9.7,6.9,8.4,34,197,6,6
2017,chevrolet,sonic,compact,1.8,4,M5,X,9.2,7.1,8.3,34,194,7,6
2017,chevrolet,sonic_5,station_wagon_small,1.4,4,AS6,X,8.8,6.6,7.8,36,184,7,6
2017,chevrolet,sonic_5,station_wagon_small,1.4,4,M6,X,8.4,6.3,7.4,38,174,7,6
2017,chevrolet,sonic_5,station_wagon_small,1.8,4,AS6,X,9.7,6.9,8.4,34,197,6,6
2017,chevrolet,sonic_5,station_wagon_small,1.8,4,M5,X,9.2,7.1,8.3,34,194,7,6
2017,chevrolet,spark,subcompact,1.4,4,AV,X,7.8,6.2,7.1,40,167,8,7
2017,chevrolet,spark,subcompact,1.4,4,M5,X,8,6.2,7.2,39,168,8,7
2017,chevrolet,suburban,suv_standard,5.3,8,A6,X,15.1,10.4,13,22,305,3,5
2017,chevrolet,suburban_ffv,suv_standard,5.3,8,A6,X,15.1,10.4,13,22,305,3,5
2017,chevrolet,suburban_ffv,suv_standard,5.3,8,A6,E,20,13.5,17.1,17,284,4,5
2017,chevrolet,suburban_4wd,suv_standard,5.3,8,A6,X,15.4,10.8,13.3,21,312,3,5
2017,chevrolet,suburban_4wd_ffv,suv_standard,5.3,8,A6,X,15.4,10.8,13.3,21,312,3,5
2017,chevrolet,suburban_4wd_ffv,suv_standard,5.3,8,A6,E,22.1,15.4,19.1,15,317,3,5
2017,chevrolet,tahoe,suv_standard,5.3,8,A6,X,15.1,10.4,13,22,305,3,5
2017,chevrolet,tahoe_ffv,suv_standard,5.3,8,A6,X,15.1,10.4,13,22,305,3,5
2017,chevrolet,tahoe_ffv,suv_standard,5.3,8,A6,E,20,13.5,17.1,17,284,4,5
2017,chevrolet,tahoe_4wd,suv_standard,5.3,8,A6,X,15.2,10.8,13.2,21,310,3,5
2017,chevrolet,tahoe_4wd_ffv,suv_standard,5.3,8,A6,X,15.2,10.8,13.2,21,310,3,5
2017,chevrolet,tahoe_4wd_ffv,suv_standard,5.3,8,A6,E,20.8,14.5,18,16,299,3,5
2017,chevrolet,traverse,suv_standard,3.6,6,A6,X,15.7,10.6,13.4,21,315,3,5
2017,chevrolet,traverse_awd,suv_standard,3.6,6,A6,X,16,10.9,13.7,21,322,3,5
2017,chevrolet,trax,suv_small,1.4,4,AS6,X,9.3,7.2,8.3,34,194,7,6
2017,chevrolet,trax,suv_small,1.4,4,M6,X,9.2,7.1,8.2,34,194,7,6
2017,chevrolet,trax_awd,suv_small,1.4,4,AS6,X,9.8,7.7,8.8,32,208,6,6
2017,chrysler,200_ffv,mid_size,2.4,4,A9,X,10.2,6.6,8.6,33,201,6,6
2017,chrysler,200_ffv,mid_size,2.4,4,A9,E,13.9,8.9,11.7,24,192,7,6
2017,chrysler,200_ffv,mid_size,3.6,6,A9,X,12.4,7.6,10.2,28,241,5,6
2017,chrysler,200_ffv,mid_size,3.6,6,A9,E,16.8,10.4,13.9,20,230,5,6
2017,chrysler,200_awd_ffv,mid_size,3.6,6,A9,X,12.8,8.3,10.8,26,252,5,6
2017,chrysler,200_awd_ffv,mid_size,3.6,6,A9,E,17.1,11.1,14.4,20,237,5,6
2017,chrysler,300,full_size,3.6,6,A8,X,12.4,7.8,10.3,27,242,5,6
2017,chrysler,300_(mds),full_size,5.7,8,A8,X,14.7,9.4,12.3,23,289,4,6
2017,chrysler,300_awd,full_size,3.6,6,A8,X,12.8,8.7,11,26,258,4,6
2017,chrysler,300_awd_ffv,full_size,3.6,6,A8,X,12.8,8.7,11,26,258,4,6
2017,chrysler,300_awd_ffv,full_size,3.6,6,A8,E,17.6,12,15,19,248,5,6
2017,chrysler,pacifica,minivan,3.6,6,A9,X,12.9,8.4,10.9,26,257,5,6
2017,chrysler,pacifica_(stop_start),minivan,3.6,6,A9,X,12.4,8.4,10.6,27,249,5,6
2017,dodge,challenger,mid_size,3.6,6,A8,X,12.4,7.8,10.3,27,242,5,6
2017,dodge,challenger,mid_size,5.7,8,M6,Z,15.6,10.1,13.1,22,307,3,5
2017,dodge,challenger,mid_size,6.4,8,M6,Z,16.7,10.4,13.9,20,325,3,5
2017,dodge,challenger_(mds),mid_size,5.7,8,A8,X,14.7,9.4,12.3,23,289,4,6
2017,dodge,challenger_(mds),mid_size,6.4,8,A8,Z,15.6,9.6,12.9,22,302,3,5
2017,dodge,challenger_gt,mid_size,3.6,6,A8,X,12.8,8.7,11,26,258,4,6
2017,dodge,challenger_srt,mid_size,6.4,8,M6,Z,16.7,10.4,13.9,20,325,3,5
2017,dodge,challenger_srt_(mds),mid_size,6.4,8,A8,Z,15.6,9.6,12.9,22,302,3,5
2017,dodge,challenger_srt_hellcat,mid_size,6.2,8,A8,Z,17.6,10.7,14.5,19,339,2,5
2017,dodge,challenger_srt_hellcat,mid_size,6.2,8,M6,Z,18.1,11.4,15.1,19,352,2,5
2017,dodge,charger,full_size,3.6,6,A5,X,13.7,9,11.6,24,271,4,6
2017,dodge,charger,full_size,3.6,6,A8,X,12.4,7.8,10.3,27,242,5,6
2017,dodge,charger_(mds),full_size,5.7,8,A5,X,15.6,9.7,12.9,22,302,3,6
2017,dodge,charger_(mds),full_size,5.7,8,A8,X,14.7,9.4,12.3,23,289,4,6
2017,dodge,charger_(mds),full_size,6.4,8,A8,Z,15.6,9.6,12.9,22,302,3,5
2017,dodge,charger_awd,full_size,3.6,6,A8,X,12.8,8.7,11,26,258,4,6
2017,dodge,charger_awd_ffv,full_size,3.6,6,A8,X,12.8,8.7,11,26,258,4,6
2017,dodge,charger_awd_ffv,full_size,3.6,6,A8,E,17.6,12,15,19,248,5,6
2017,dodge,charger_awd,full_size,5.7,8,A5,X,16,10.1,13.3,21,312,3,6
2017,dodge,charger_srt_(mds),full_size,6.4,8,A8,Z,15.6,9.6,12.9,22,302,3,5
2017,dodge,charger_srt_hellcat,full_size,6.2,8,A8,Z,17.6,10.7,14.5,19,339,2,5
2017,dodge,durango_awd,suv_standard,3.6,6,A8,X,12.7,9.6,11.3,25,265,4,6
2017,dodge,durango_awd,suv_standard,5.7,8,A8,X,16.6,10.7,14,20,328,3,6
2017,dodge,grand_caravan_ffv,minivan,3.6,6,A6,X,13.7,9.4,11.8,24,276,4,6
2017,dodge,grand_caravan_ffv,minivan,3.6,6,A6,E,19.4,13.3,16.7,17,274,4,6
2017,dodge,journey,suv_small,2.4,4,A4,X,12.7,9.2,11.1,25,261,4,6
2017,dodge,journey_ffv,suv_small,3.6,6,A6,X,14.2,9.5,12.1,23,284,4,6
2017,dodge,journey_ffv,suv_small,3.6,6,A6,E,19.1,13.2,16.4,17,274,4,6
2017,dodge,journey_awd,suv_small,3.6,6,A6,X,14.5,10,12.4,23,292,4,6
2017,dodge,viper,two_seater,8.4,10,M6,Z,19.9,12.6,16.6,17,387,1,5
2017,fiat,124_spider,two_seater,1.4,4,A6,X,9.3,6.5,8,35,187,7,6
2017,fiat,124_spider,two_seater,1.4,4,M6,X,9,6.7,7.9,36,185,7,6
2017,fiat,500_cabrio,minicompact,1.4,4,A6,X,8.7,7.1,8,35,186,7,6
2017,fiat,500_cabrio,minicompact,1.4,4,M5,X,8,6.5,7.3,39,171,7,6
2017,fiat,500_hatchback,minicompact,1.4,4,A6,X,8.7,7.1,8,35,186,7,6
2017,fiat,500_hatchback,minicompact,1.4,4,M5,X,7.7,6.1,7,40,163,8,6
2017,fiat,500_abarth_cabrio,minicompact,1.4,4,A6,X,9.7,7.4,8.7,32,202,6,6
2017,fiat,500_abarth_cabrio,minicompact,1.4,4,M5,X,8.5,7.1,7.9,36,186,7,6
2017,fiat,500_abarth_hatchback,minicompact,1.4,4,A6,X,9.7,7.4,8.7,32,202,6,6
2017,fiat,500_abarth_hatchback,minicompact,1.4,4,M5,X,8.5,7.1,7.9,36,186,7,6
2017,fiat,500l,station_wagon_small,1.4,4,A6,X,10.7,7.9,9.4,30,221,5,6
2017,fiat,500x,suv_small,1.4,4,M6,X,9.5,7.1,8.4,34,197,6,6
2017,fiat,500x,suv_small,2.4,4,A9,X,10.7,7.7,9.3,30,219,5,6
2017,fiat,500x_awd,suv_small,2.4,4,A9,X,11,8,9.7,29,226,5,6
2017,ford,c_max_hybrid,full_size,2,4,AV,X,5.7,6.2,5.9,48,138,9,8
2017,ford,edge,suv_small,2,4,AS6,X,11.5,8,9.9,29,233,5,7
2017,ford,edge_(start/stop),suv_small,2,4,AS6,X,11.3,8,9.8,29,230,5,7
2017,ford,edge,suv_small,3.5,6,AS6,X,13.5,9.1,11.5,25,270,4,6
2017,ford,edge_awd,suv_small,2,4,AS6,X,11.9,8.6,10.4,27,244,5,7
2017,ford,edge_awd,suv_small,2.7,6,AS6,X,13.8,9.8,12,24,281,4,7
2017,ford,edge_awd,suv_small,3.5,6,AS6,X,13.9,10,12.1,23,284,4,6
2017,ford,escape,suv_small,1.5,4,AS6,X,10.2,7.8,9.1,31,214,6,6
2017,ford,escape,suv_small,2,4,AS6,X,10.6,8,9.5,30,222,5,7
2017,ford,escape_ffv,suv_small,2.5,4,AS6,X,11.1,8.1,9.7,29,229,5,6
2017,ford,escape_ffv,suv_small,2.5,4,AS6,E,15.2,10.8,13.3,21,219,5,6
2017,ford,escape_awd,suv_small,1.5,4,AS6,X,10.7,8.3,9.6,29,226,5,6
2017,ford,escape_awd,suv_small,2,4,AS6,X,11.5,8.7,10.2,28,239,5,7
2017,ford,expedition_4x4,suv_standard,3.5,6,AS6,X,15.9,12,14.2,20,333,3,5
2017,ford,expedition_el_4x4,suv_standard,3.5,6,AS6,X,16.1,12.2,14.3,20,337,2,5
2017,ford,explorer,suv_standard,2.3,4,AS6,X,12.6,8.6,10.8,26,254,5,6
2017,ford,explorer_ffv,suv_standard,3.5,6,AS6,X,13.9,9.7,12,24,281,4,5
2017,ford,explorer_ffv,suv_standard,3.5,6,AS6,E,18.7,12.9,16.1,18,264,4,5
2017,ford,explorer_awd,suv_standard,2.3,4,AS6,X,13.1,9.2,11.3,25,266,4,6
2017,ford,explorer_awd,suv_standard,3.5,6,AS6,X,14.8,10.7,13,22,305,3,6
2017,ford,explorer_ffv_awd,suv_standard,3.5,6,AS6,X,14.4,10.5,12.6,22,296,4,5
2017,ford,explorer_ffv_awd,suv_standard,3.5,6,AS6,E,19.6,14.2,17.2,16,284,4,5
2017,ford,f_150,pickup_truck_standard,2.7,6,AS6,X,12.2,9.3,10.9,26,256,5,6
2017,ford,f_150_(lt_tire_pkg),pickup_truck_standard,2.7,6,AS6,X,12.4,9.8,11.2,25,263,4,6
2017,ford,f_150_(payload_pkg),pickup_truck_standard,2.7,6,AS6,X,13.1,9.8,11.6,24,272,4,6
2017,ford,f_150,pickup_truck_standard,3.5,6,AS10,X,12.7,9.5,11.3,25,264,4,5
2017,ford,f_150_(lt_tire_pkg),pickup_truck_standard,3.5,6,AS10,X,13,10.2,11.7,24,274,4,5
2017,ford,f_150_(payload_pkg),pickup_truck_standard,3.5,6,AS10,X,13.8,10.7,12.4,23,290,4,5
2017,ford,f_150_ffv,pickup_truck_standard,3.5,6,A6,X,13.2,9.7,11.6,24,272,4,6
2017,ford,f_150_ffv,pickup_truck_standard,3.5,6,A6,E,17.9,13.2,15.8,18,258,4,6
2017,ford,f_150_ffv,pickup_truck_standard,5,8,AS6,X,15.4,10.6,13.2,21,310,3,6
2017,ford,f_150_ffv,pickup_truck_standard,5,8,AS6,E,20.5,14.3,17.7,16,291,4,6
2017,ford,f_150_ffv_(payload_pkg),pickup_truck_standard,5,8,AS6,X,16.8,11.8,14.5,19,340,2,6
2017,ford,f_150_ffv_(payload_pkg),pickup_truck_standard,5,8,AS6,E,20.5,14.3,17.7,16,291,4,6
2017,ford,f_150_4x4,pickup_truck_standard,2.7,6,AS6,X,13.1,10.2,11.8,24,276,4,6
2017,ford,f_150_4x4_(lt_tire_pkg),pickup_truck_standard,2.7,6,AS6,X,13.5,11.2,12.5,23,293,4,6
2017,ford,f_150_4x4_(payload_pkg),pickup_truck_standard,2.7,6,AS6,X,13.3,10.7,12.3,23,288,4,6
2017,ford,f_150_4x4,pickup_truck_standard,3.5,6,AS10,X,13.6,10.3,12.1,23,284,4,5
2017,ford,f_150_4x4_(lt_tire_pkg),pickup_truck_standard,3.5,6,AS10,X,13.6,10.7,12.3,23,288,4,5
2017,ford,f_150_4x4_(payload_pkg),pickup_truck_standard,3.5,6,AS10,X,14,11,12.7,22,298,4,5
2017,ford,f_150_ffv_4x4,pickup_truck_standard,3.5,6,A6,X,14,10.6,12.5,23,293,4,6
2017,ford,f_150_ffv_4x4,pickup_truck_standard,3.5,6,A6,E,19,14.3,16.9,17,281,4,6
2017,ford,f_150_ffv_4x4,pickup_truck_standard,5,8,AS6,X,15.9,11.3,13.8,20,323,3,6
2017,ford,f_150_ffv_4x4,pickup_truck_standard,5,8,AS6,E,21.5,15.1,18.6,15,305,3,6
2017,ford,f_150_ffv_4x4_(lt_tire_pkg),pickup_truck_standard,5,8,AS6,X,16,11.8,14.1,20,330,3,6
2017,ford,f_150_ffv_4x4_(lt_tire_pkg),pickup_truck_standard,5,8,AS6,E,21.5,15.1,18.6,15,306,3,6
2017,ford,f_150_ffv_4x4_(payload_pkg),pickup_truck_standard,5,8,AS6,X,16.8,12.4,14.8,19,347,2,6
2017,ford,f_150_ffv_4x4_(payload_pkg),pickup_truck_standard,5,8,AS6,E,22.2,16.5,19.6,14,326,3,6
2017,ford,f_150_raptor_4x4,pickup_truck_standard,3.5,6,AS10,X,15.6,13.2,14.5,19,339,2,5
2017,ford,fiesta,subcompact,1.6,4,AS6,X,8.6,6.4,7.6,37,178,7,6
2017,ford,fiesta,subcompact,1.6,4,M5,X,8.6,6.7,7.8,36,182,7,6
2017,ford,fiesta_sfe,subcompact,1,3,M5,X,7.6,5.7,6.8,42,158,8,6
2017,ford,fiesta_st,compact,1.6,4,M6,X,9,7.1,8.2,34,192,7,6
2017,ford,flex,suv_standard,3.5,6,AS6,X,14.7,10.2,12.7,22,298,4,6
2017,ford,flex_awd,suv_standard,3.5,6,AS6,X,14.7,10.7,12.9,22,303,3,6
2017,ford,flex_awd_gtdi,suv_standard,3.5,6,AS6,X,15.7,11.2,13.7,21,321,3,6
2017,ford,focus_(start/stop),compact,1,3,AS6,X,8.5,6.2,7.5,38,176,7,6
2017,ford,focus_(start/stop),compact,1,3,M6,X,7.9,5.9,7,40,164,8,6
2017,ford,focus_ffv,compact,2,4,AM6,X,9.1,6.4,7.9,36,185,7,6
2017,ford,focus_ffv,compact,2,4,AM6,E,12.2,8.8,10.6,27,177,7,6
2017,ford,focus_ffv,compact,2,4,AS6,X,9.2,6.6,8,35,189,7,6
2017,ford,focus_ffv,compact,2,4,AS6,E,12.4,9.1,10.9,26,182,7,6
2017,ford,focus_ffv,compact,2,4,M5,X,9.5,7,8.3,34,195,6,6
2017,ford,focus_ffv,compact,2,4,M5,E,12.9,9.5,11.4,25,188,7,6
2017,ford,focus_rs_awd,mid_size,2.3,4,M6,Z,12.2,9.4,10.9,26,256,5,6
2017,ford,focus_st,mid_size,2,4,M6,X,10.5,7.8,9.3,30,219,5,6
2017,ford,fusion,mid_size,1.5,4,AS6,X,10,7,8.7,32,204,6,8
2017,ford,fusion,mid_size,2,4,AS6,X,11.2,7.6,9.6,29,225,5,7
2017,ford,fusion,mid_size,2.5,4,A6,X,11.3,7.5,9.6,29,224,5,7
2017,ford,fusion_awd,mid_size,2,4,AS6,X,11.8,8.1,10.1,28,238,5,7
2017,ford,fusion_awd,mid_size,2.7,6,AS6,X,13.5,9,11.5,25,270,4,7
2017,ford,fusion_hybrid,mid_size,2,4,AV,X,5.5,5.7,5.6,50,131,9,8
2017,ford,gt,two_seater,3.5,6,AM7,Z,20.6,13.2,17.3,16,406,1,6
2017,ford,mustang,subcompact,2.3,4,AS6,X,11,7.9,9.6,29,226,5,6
2017,ford,mustang_(performance_pkg),subcompact,2.3,4,AS6,X,11.8,8.3,10.2,28,239,5,6
2017,ford,mustang,subcompact,2.3,4,M6,X,11.2,7.8,9.8,29,230,5,6
2017,ford,mustang_(performance_pkg),subcompact,2.3,4,M6,X,11.2,8.4,9.8,29,230,5,6
2017,ford,mustang,subcompact,3.7,6,AS6,X,12.8,8.9,11.1,25,259,4,6
2017,ford,mustang,subcompact,3.7,6,M6,X,13.8,8.8,11.5,25,271,4,6
2017,ford,mustang,subcompact,5,8,AS6,X,15.6,9.6,12.9,22,303,3,6
2017,ford,mustang,subcompact,5,8,M6,X,15.8,9.8,13.1,22,307,3,6
2017,ford,mustang_(performance_pkg),subcompact,5,8,M6,X,16.7,10.2,13.8,20,324,3,6
2017,ford,mustang_convertible,subcompact,2.3,4,AS6,X,11.8,8.3,10.2,28,239,5,6
2017,ford,mustang_convertible,subcompact,2.3,4,M6,X,11.2,8.7,10.1,28,237,5,6
2017,ford,mustang_convertible,subcompact,5,8,AS6,X,15.5,10.3,13.2,21,309,3,6
2017,ford,mustang_convertible,subcompact,5,8,M6,X,16.7,10.2,13.8,20,324,3,6
2017,ford,shelby_gt350_mustang,subcompact,5.2,8,M6,Z,17.2,11.3,14.6,19,341,2,6
2017,ford,t_150_wagon,van_passenger,3.5,6,AS6,X,16.2,12.8,14.6,19,344,2,2
2017,ford,t_150_wagon_ffv,van_passenger,3.7,6,AS6,X,16.7,13,15.1,19,354,2,2
2017,ford,t_150_wagon_ffv,van_passenger,3.7,6,AS6,E,23,18.5,20.9,14,343,2,2
2017,ford,taurus,full_size,2,4,AS6,X,11.8,8.1,10.1,28,238,5,6
2017,ford,taurus_ffv,full_size,3.5,6,AS6,X,13.1,8.7,11.1,25,260,4,6
2017,ford,taurus_ffv,full_size,3.5,6,AS6,E,17.6,11.7,15,19,249,5,6
2017,ford,taurus_awd,full_size,3.5,6,AS6,X,14.7,9.8,12.5,23,293,4,6
2017,ford,taurus_ffv_awd,full_size,3.5,6,AS6,X,13.6,9.9,12.4,23,291,4,6
2017,ford,taurus_ffv_awd,full_size,3.5,6,AS6,E,18.7,13.4,16.3,17,271,4,6
2017,ford,transit_connect_van_ffv,special_purpose_vehicle,2.5,4,AS6,X,11.9,8.7,10.4,27,244,5,6
2017,ford,transit_connect_van_ffv,special_purpose_vehicle,2.5,4,AS6,E,16.1,11.9,14.2,20,234,5,6
2017,ford,transit_connect_wagon_lwb_ffv,special_purpose_vehicle,2.5,4,AS6,X,12.4,8.8,10.8,26,253,5,6
2017,ford,transit_connect_wagon_lwb_ffv,special_purpose_vehicle,2.5,4,AS6,E,16.8,12.1,14.7,19,242,5,6
2017,genesis,g80_awd,full_size,3.8,6,AS8,X,14.3,9.5,12.1,23,286,4,6
2017,genesis,g80_awd,full_size,5,8,AS8,Z,17.2,10.5,14.2,20,332,3,6
2017,genesis,g90_awd,full_size,3.3,6,AS8,Z,13.7,9.7,11.9,24,279,4,6
2017,genesis,g90_awd,full_size,5,8,AS8,Z,15.2,10.2,13,22,306,3,7
2017,gmc,acadia,suv_standard,2.5,4,A6,X,11,9.2,10.2,28,239,5,6
2017,gmc,acadia,suv_standard,3.6,6,A6,X,13,9.3,11.3,25,265,4,5
2017,gmc,acadia_awd,suv_standard,2.5,4,A6,X,11.2,9.4,10.4,27,243,5,6
2017,gmc,acadia_awd,suv_standard,3.6,6,A6,X,13.3,9.5,11.6,24,271,4,5
2017,gmc,canyon,pickup_truck_small,2.5,4,A6,X,12,9.2,10.7,26,252,5,6
2017,gmc,canyon,pickup_truck_small,2.5,4,M6,X,12.2,9.2,10.9,26,254,5,6
2017,gmc,canyon,pickup_truck_small,2.8,4,A6,D,10.8,7.9,9.5,30,255,5,6
2017,gmc,canyon,pickup_truck_small,3.6,6,A8,X,13.4,9.6,11.7,24,274,4,7
2017,gmc,canyon_4wd,pickup_truck_small,2.5,4,A6,X,12.7,9.6,11.3,25,263,4,6
2017,gmc,canyon_4wd,pickup_truck_small,2.8,4,A6,D,12.1,8.4,10.4,27,280,4,6
2017,gmc,canyon_4wd,pickup_truck_small,3.6,6,A8,X,14,9.9,12.2,23,286,4,7
2017,gmc,savana_2500_passenger,van_passenger,6,8,A6,X,21.8,14.8,18.6,15,438,1,2
2017,gmc,savana_3500_passenger,van_passenger,6,8,A6,X,22.3,14.9,19,15,445,1,2
2017,gmc,sierra,pickup_truck_standard,5.3,8,A6,X,14.6,10.3,12.7,22,297,4,5
2017,gmc,sierra,pickup_truck_standard,5.3,8,A8,X,15.2,10.7,13.1,22,309,3,5
2017,gmc,sierra,pickup_truck_standard,6.2,8,A8,Z,15.9,11.2,13.8,20,323,3,5
2017,gmc,sierra_ffv,pickup_truck_standard,4.3,6,A6,X,13.4,10,11.9,24,279,4,7
2017,gmc,sierra_ffv,pickup_truck_standard,4.3,6,A6,E,19.3,14.3,17.1,17,284,4,7
2017,gmc,sierra_ffv,pickup_truck_standard,5.3,8,A6,X,14.6,10.3,12.7,22,298,4,5
2017,gmc,sierra_ffv,pickup_truck_standard,5.3,8,A6,E,19.7,13.9,17.1,17,284,4,5
2017,gmc,sierra_4wd,pickup_truck_standard,5.3,8,A6,X,15,10.7,13.1,22,307,3,5
2017,gmc,sierra_4wd,pickup_truck_standard,5.3,8,A8,X,15.9,11.5,13.9,20,327,3,5
2017,gmc,sierra_4wd,pickup_truck_standard,6.2,8,A8,Z,16,11.7,14.1,20,330,3,5
2017,gmc,sierra_4wd_ffv,pickup_truck_standard,4.3,6,A6,X,14.1,10.6,12.5,23,294,4,7
2017,gmc,sierra_4wd_ffv,pickup_truck_standard,4.3,6,A6,E,20.3,15.2,18,16,294,4,7
2017,gmc,sierra_4wd_ffv,pickup_truck_standard,5.3,8,A6,X,15,10.7,13.1,22,307,3,5
2017,gmc,sierra_4wd_ffv,pickup_truck_standard,5.3,8,A6,E,20.7,14.4,17.9,16,317,3,5
2017,gmc,sierra_eassist_4wd,pickup_truck_standard,5.3,8,A8,X,14.4,11.2,13,22,303,3,5
2017,gmc,terrain,suv_small,2.4,4,A6,X,11,7.5,9.4,30,221,5,6
2017,gmc,terrain_ffv,suv_small,2.4,4,A6,X,11,7.5,9.4,30,221,5,6
2017,gmc,terrain_ffv,suv_small,2.4,4,A6,E,15.6,11,13.6,21,223,5,6
2017,gmc,terrain,suv_small,3.6,6,A6,X,14.1,9.7,12.1,23,285,4,6
2017,gmc,terrain_awd,suv_small,2.4,4,A6,X,11.5,8.3,10.1,28,237,5,6
2017,gmc,terrain_awd,suv_small,3.6,6,A6,X,15,10.4,13,22,304,3,6
2017,gmc,yukon,suv_standard,5.3,8,A6,X,15.1,10.4,13,22,305,3,5
2017,gmc,yukon_ffv,suv_standard,5.3,8,A6,X,15.1,10.4,13,22,305,3,5
2017,gmc,yukon_ffv,suv_standard,5.3,8,A6,E,20,13.5,17.1,17,284,4,5
2017,gmc,yukon_4wd,suv_standard,5.3,8,A6,X,15.2,10.8,13.2,21,310,3,5
2017,gmc,yukon_4wd_ffv,suv_standard,5.3,8,A6,X,15.2,10.8,13.2,21,310,3,5
2017,gmc,yukon_4wd_ffv,suv_standard,5.3,8,A6,E,20.8,14.5,18,16,299,3,5
2017,gmc,yukon_denali_4wd,suv_standard,6.2,8,A8,Z,16,11.7,14.1,20,330,3,5
2017,gmc,yukon_xl,suv_standard,5.3,8,A6,X,15.1,10.4,13,22,305,3,5
2017,gmc,yukon_xl_ffv,suv_standard,5.3,8,A6,X,15.1,10.4,13,22,305,3,5
2017,gmc,yukon_xl_ffv,suv_standard,5.3,8,A6,E,20,13.5,17.1,17,284,4,5
2017,gmc,yukon_xl_4wd,suv_standard,5.3,8,A6,X,15.4,10.8,13.3,21,312,3,5
2017,gmc,yukon_xl_4wd_ffv,suv_standard,5.3,8,A6,X,15.4,10.8,13.3,21,312,3,5
2017,gmc,yukon_xl_4wd_ffv,suv_standard,5.3,8,A6,E,22.1,15.4,19.1,15,317,3,5
2017,gmc,yukon_xl_denali_4wd,suv_standard,6.2,8,A8,Z,16.3,11.7,14.2,20,333,3,5
2017,honda,accord,mid_size,2.4,4,AV7,X,9.2,6.9,8.2,34,190,7,8
2017,honda,accord,mid_size,2.4,4,M6,X,10.4,7.4,9,31,210,6,6
2017,honda,accord_coupe,mid_size,3.5,6,AS6,X,11.4,7.4,9.6,29,225,5,6
2017,honda,accord_coupe,mid_size,3.5,6,M6,X,12.9,8.4,10.9,26,254,5,6
2017,honda,accord_sedan,mid_size,2.4,4,AV,X,8.7,6.6,7.8,36,180,7,8
2017,honda,accord_sedan,mid_size,3.5,6,A6,X,11.4,7.2,9.5,30,223,5,6
2017,honda,accord_hybrid,mid_size,2,4,AV,X,4.9,5.1,5,56,114,10,8
2017,honda,civic_coupe,compact,1.5,4,AV7,X,7.5,5.9,6.8,42,158,8,6
2017,honda,civic_coupe,compact,1.5,4,M6,X,7.7,5.7,6.8,42,159,8,6
2017,honda,civic_coupe,compact,2,4,AV,X,7.8,6,7,40,163,8,6
2017,honda,civic_coupe,compact,2,4,M6,X,8.5,6.1,7.4,38,173,7,6
2017,honda,civic_sedan,mid_size,1.5,4,AV,X,7.4,5.6,6.6,43,153,8,6
2017,honda,civic_sedan,mid_size,2,4,AV,X,7.8,6,7,40,163,8,6
2017,honda,civic_sedan,mid_size,2,4,M6,X,8.5,6,7.4,38,172,7,6
2017,honda,civic_hatchback,full_size,1.5,4,AV,X,7.7,6,6.9,41,162,8,6
2017,honda,civic_hatchback,full_size,1.5,4,AV7,X,7.9,6.6,7.3,39,170,7,6
2017,honda,civic_hatchback,full_size,1.5,4,AV7,Z,7.9,6.6,7.3,39,170,7,6
2017,honda,civic_hatchback,full_size,1.5,4,M6,X,8,6.2,7.2,39,167,8,6
2017,honda,civic_hatchback,full_size,1.5,4,M6,Z,8,6.2,7.2,39,167,8,6
2017,honda,cr_v,suv_small,1.5,4,AV,X,8.4,7,7.8,36,181,7,7
2017,honda,cr_v_awd,suv_small,1.5,4,AV,X,8.7,7.2,8,35,188,7,7
2017,honda,fit,station_wagon_small,1.5,4,AV,X,7,5.9,6.5,43,154,8,6
2017,honda,fit,station_wagon_small,1.5,4,AV7,X,7.6,6.4,7,40,164,8,6
2017,honda,fit,station_wagon_small,1.5,4,M6,X,8.1,6.6,7.4,38,174,7,6
2017,honda,hr_v,station_wagon_small,1.8,4,AV,X,8.3,6.9,7.7,37,180,7,6
2017,honda,hr_v,station_wagon_small,1.8,4,AV7,X,8.3,6.9,7.7,37,180,7,6
2017,honda,hr_v,station_wagon_small,1.8,4,M6,X,9.4,7.1,8.4,34,195,6,6
2017,honda,hr_v_awd,station_wagon_small,1.8,4,AV,X,8.9,7.5,8.2,34,194,7,6
2017,honda,hr_v_awd,station_wagon_small,1.8,4,AV7,X,8.9,7.5,8.2,34,194,7,6
2017,honda,odyssey,minivan,3.5,6,A6,X,12.3,8.6,10.7,26,251,5,5
2017,honda,pilot,suv_small,3.5,6,A6,X,12.4,8.8,10.8,26,254,5,6
2017,honda,pilot_awd,suv_small,3.5,6,A6,X,13,9.3,11.3,25,266,4,6
2017,honda,pilot_awd,suv_small,3.5,6,AS9,X,12.4,9.3,11,26,256,5,6
2017,honda,ridgeline_awd,pickup_truck_standard,3.5,6,A6,X,12.8,9.5,11.3,25,264,4,6
2017,hyundai,accent,compact,1.6,4,AS6,X,8.9,6.6,7.9,36,182,7,6
2017,hyundai,accent,compact,1.6,4,M6,X,8.8,6.5,7.8,36,184,7,6
2017,hyundai,elantra,mid_size,2,4,AS6,X,8.3,6.4,7.4,38,174,7,7
2017,hyundai,elantra,mid_size,2,4,M6,X,9.1,6.6,8,35,187,7,7
2017,hyundai,elantra_gt,mid_size,2,4,AS6,X,9.8,7.3,8.7,32,206,6,6
2017,hyundai,elantra_gt,mid_size,2,4,M6,X,9.8,7.2,8.7,32,204,6,6
2017,hyundai,ioniq,full_size,1.6,4,AM6,X,4.3,4.4,4.4,64,103,10,8
2017,hyundai,ioniq_blue,full_size,1.6,4,AM6,X,4.2,4,4.1,69,96,10,8
2017,hyundai,santa_fe,suv_small,3.3,6,AS6,X,12.9,9.4,11.3,25,265,4,6
2017,hyundai,santa_fe_awd,suv_small,3.3,6,AS6,X,13,9.7,11.5,25,269,4,6
2017,hyundai,santa_fe_sport,suv_small,2.4,4,AS6,X,11.1,8.6,10,28,235,5,7
2017,hyundai,santa_fe_sport_awd,suv_small,2,4,AS6,X,12.5,9.6,11.2,25,264,4,6
2017,hyundai,santa_fe_sport_awd,suv_small,2.4,4,AS6,X,12,9.1,10.7,26,253,5,7
2017,hyundai,santa_fe_ultimate_awd,suv_small,3.3,6,AS6,X,13.9,10.8,12.5,23,295,4,6
2017,hyundai,sonata,full_size,2,4,AS6,X,10.5,7.6,9.2,31,216,6,6
2017,hyundai,sonata,full_size,2.4,4,AS6,X,9.4,6.7,8.2,34,194,7,7
2017,hyundai,sonata_sport/limited,full_size,2.4,4,AS6,X,10,7.2,8.7,32,207,6,7
2017,hyundai,sonata_hybrid,mid_size,2,4,AS6,X,6.3,5.7,6,47,143,9,6
2017,hyundai,sonata_hybrid_se,mid_size,2,4,AS6,X,6,5.3,5.7,50,137,9,6
2017,hyundai,tucson,suv_small,1.6,4,AM7,X,9.9,8.5,9.3,30,221,5,6
2017,hyundai,tucson,suv_small,2,4,AS6,X,10.1,7.8,9,31,213,6,6
2017,hyundai,tucson_awd,suv_small,2,4,AS6,X,11,9.1,10.2,28,241,5,6
2017,hyundai,veloster,compact,1.6,4,AM6,X,8.3,6.7,7.6,37,180,7,6
2017,hyundai,veloster,compact,1.6,4,M6,X,8.9,6.9,8,35,188,7,6
2017,hyundai,veloster_turbo,compact,1.6,4,AS6,X,8.9,7.3,8.2,34,193,7,6
2017,hyundai,veloster_turbo,compact,1.6,4,M6,X,9.4,7.2,8.4,34,200,6,6
2017,infiniti,q50_awd,mid_size,2,4,AS7,Z,10.7,8.4,9.6,29,226,5,6
2017,infiniti,q50_awd,mid_size,3,6,AS7,Z,12.6,8.8,10.9,26,256,5,6
2017,infiniti,q50s_red_sport_awd,mid_size,3,6,AS7,Z,12.3,9.2,10.9,26,257,5,6
2017,infiniti,q50_hybrid_awd,compact,3.5,6,AS7,Z,9.1,7.7,8.5,33,200,6,6
2017,infiniti,q60_awd,subcompact,2,4,AS7,Z,11.2,8.5,10,28,233,5,6
2017,infiniti,q60_awd,subcompact,3,6,AS7,Z,12.4,8.8,10.8,26,253,5,6
2017,infiniti,q60s_red_sport_awd,subcompact,3,6,AS7,Z,12.5,9.2,11,26,259,4,6
2017,infiniti,q70_awd,mid_size,3.7,6,AS7,Z,13.2,9.8,11.7,24,274,4,6
2017,infiniti,q70_awd,mid_size,5.6,8,AS7,Z,14.9,10.2,12.8,22,300,3,6
2017,infiniti,q70_hybrid,mid_size,3.5,6,AS7,Z,8.4,7.1,7.8,36,184,7,6
2017,infiniti,qx30,compact,2,4,AM7,Z,9.7,7.1,8.5,33,200,6,6
2017,infiniti,qx30_awd,compact,2,4,AM7,Z,10.6,8,9.4,30,221,5,6
2017,infiniti,qx50_awd,station_wagon_small,3.7,6,AS7,Z,13.7,9.8,11.9,24,280,4,6
2017,infiniti,qx60,suv_small,3.5,6,AV7,Z,11.9,8.8,10.5,27,246,5,7
2017,infiniti,qx60_awd,suv_small,3.5,6,AV7,Z,12.5,9.1,10.9,26,257,4,6
2017,infiniti,qx60_hybrid_awd,suv_standard,2.5,4,AV7,X,9.5,8.6,9.1,31,214,6,6
2017,infiniti,qx70_awd,suv_small,3.7,6,AS7,Z,14.5,10.8,12.8,22,301,3,6
2017,infiniti,qx80_4wd,suv_standard,5.6,8,AS7,Z,17.4,12.2,15.1,19,355,2,6
2017,jaguar,f_pace_35t,suv_small,3,6,AS8,Z,13.3,10,11.8,24,277,4,8
2017,jaguar,f_type_convertible,two_seater,3,6,AS8,Z,11.9,8.5,10.4,27,242,5,8
2017,jaguar,f_type_convertible,two_seater,3,6,M6,Z,14.9,9.8,12.6,22,296,4,8
2017,jaguar,f_type_coupe,two_seater,3,6,AS8,Z,11.9,8.5,10.4,27,242,5,8
2017,jaguar,f_type_coupe,two_seater,3,6,M6,Z,14.9,9.8,12.6,22,296,4,8
2017,jaguar,f_type_r_convertible_awd,two_seater,5,8,AS8,Z,15.6,10.4,13.3,21,311,3,6
2017,jaguar,f_type_r_coupe_awd,two_seater,5,8,AS6,Z,15.6,10.4,13.3,21,311,3,6
2017,jaguar,f_type_s_convertible,two_seater,3,6,AS8,Z,12.4,8.8,10.8,26,253,5,8
2017,jaguar,f_type_s_convertible,two_seater,3,6,M6,Z,15.3,10,12.9,22,302,3,8
2017,jaguar,f_type_s_convertible_awd,two_seater,3,6,AS8,Z,13,9.2,11.3,25,265,4,8
2017,jaguar,f_type_s_coupe,two_seater,3,6,AS8,Z,12.4,8.8,10.8,26,253,5,8
2017,jaguar,f_type_s_coupe,two_seater,3,6,M6,Z,15.3,10,12.9,22,302,3,8
2017,jaguar,f_type_s_coupe_awd,two_seater,3,6,AS8,Z,13,9.2,11.3,25,265,4,8
2017,jaguar,xe_20d_awd,compact,2,4,AS8,D,7.8,5.8,6.9,41,186,7,5
2017,jaguar,xe_35t_awd,compact,3,6,AS8,Z,11.8,8.2,10.2,28,238,5,8
2017,jaguar,xf_20d_awd,mid_size,2,4,AS8,D,7.8,5.8,6.9,41,186,7,5
2017,jaguar,xf_35t_awd,mid_size,3,6,AS8,Z,12,8.4,10.4,27,243,5,8
2017,jaguar,xj_r_sport_3.0_awd,full_size,3,6,AS8,Z,14,9,11.8,24,276,4,8
2017,jaguar,xjl_portfolio_3.0_awd,full_size,3,6,AS8,Z,14,9.4,11.9,24,280,4,8
2017,jaguar,xjr,full_size,5,8,AS8,Z,15.8,10.3,13.3,21,313,3,6
2017,jaguar,xjr_lwb,full_size,5,8,AS8,Z,15.8,10.3,13.3,21,313,3,6
2017,jeep,cherokee,suv_small,2.4,4,A9,X,11,7.8,9.6,29,225,5,6
2017,jeep,cherokee,suv_small,3.2,6,A9,X,11.4,8.3,10,28,234,5,6
2017,jeep,cherokee_4x4_active_drive_i,suv_small,2.4,4,A9,X,11.3,8.4,10,28,235,5,6
2017,jeep,cherokee_4x4_active_drive_i,suv_small,3.2,6,A9,X,11.6,8.6,10.3,27,241,5,6
2017,jeep,cherokee_4x4_active_drive_ii,suv_small,2.4,4,A9,X,11.4,8.7,10.2,28,240,5,5
2017,jeep,cherokee_4x4_active_drive_ii,suv_small,3.2,6,A9,X,12.8,9,11.1,25,259,4,6
2017,jeep,cherokee_4x4_active_drive_lock,suv_small,2.4,4,A9,X,12.1,9.4,10.9,26,256,5,5
2017,jeep,cherokee_4x4_active_drive_lock,suv_small,3.2,6,A9,X,12.9,9.9,11.6,24,269,4,6
2017,jeep,compass,suv_small,2,4,AV,X,10.8,9,10,28,235,5,6
2017,jeep,compass,suv_small,2,4,M5,X,10.3,7.9,9.3,30,216,6,5
2017,jeep,compass,suv_small,2.4,4,A6,X,11.3,8.7,10.1,28,238,5,6
2017,jeep,compass,suv_small,2.4,4,M5,X,10.2,8.3,9.3,30,219,5,5
2017,jeep,compass_4x4,suv_small,2.4,4,A6,X,11.7,9.2,10.6,27,249,5,6
2017,jeep,compass_4x4,suv_small,2.4,4,AV,X,11.7,10.3,11.1,25,259,4,6
2017,jeep,compass_4x4,suv_small,2.4,4,M5,X,10.6,8.7,9.8,29,230,5,5
2017,jeep,grand_cherokee_4x4,suv_standard,3.6,6,A8,X,12.7,9.6,11.3,25,265,4,6
2017,jeep,grand_cherokee_4x4,suv_standard,5.7,8,A8,X,16.6,10.7,14,20,328,3,6
2017,jeep,grand_cherokee_srt8,suv_standard,6.4,8,A8,Z,18.3,12.6,15.7,18,368,2,5
2017,jeep,new_compass,suv_small,2.4,4,A6,X,10.6,7.6,9.3,30,218,5,6
2017,jeep,new_compass,suv_small,2.4,4,M6,X,10.4,7.3,9,31,211,6,6
2017,jeep,new_compass_4x4,suv_small,2.4,4,A9,X,10.8,7.8,9.5,30,222,5,6
2017,jeep,new_compass_4x4,suv_small,2.4,4,M6,X,10.8,7.6,9.4,30,221,5,6
2017,jeep,patriot,suv_small,2,4,AV,X,10.8,9,10,28,235,5,6
2017,jeep,patriot,suv_small,2,4,M5,X,10.3,7.9,9.3,30,216,6,5
2017,jeep,patriot,suv_small,2.4,4,A6,X,11.3,8.7,10.1,28,238,5,6
2017,jeep,patriot,suv_small,2.4,4,M5,X,10.2,8.3,9.3,30,219,5,5
2017,jeep,patriot_4x4,suv_small,2.4,4,A6,X,11.7,9.2,10.6,27,249,5,6
2017,jeep,patriot_4x4,suv_small,2.4,4,AV,X,11.7,10.3,11.1,25,259,4,6
2017,jeep,patriot_4x4,suv_small,2.4,4,M5,X,10.6,8.7,9.8,29,230,5,5
2017,jeep,renegade,suv_small,1.4,4,M6,X,9.9,7.7,8.9,32,209,6,6
2017,jeep,renegade_ffv,suv_small,2.4,4,A9,X,10.8,7.8,9.5,30,222,5,6
2017,jeep,renegade_ffv,suv_small,2.4,4,A9,E,14.4,10.2,12.5,23,206,6,6
2017,jeep,renegade_4x4,suv_small,1.4,4,M6,X,9.9,7.7,8.9,32,211,6,6
2017,jeep,renegade_4x4,suv_small,2.4,4,A9,X,11.2,8.2,9.8,29,230,5,6
2017,jeep,wrangler_4x4,suv_small,3.6,6,A5,X,14.1,11.1,12.8,22,299,3,6
2017,jeep,wrangler_4x4,suv_small,3.6,6,M6,X,14.2,11,12.8,22,298,4,6
2017,jeep,wrangler_unlimited_4x4,suv_small,3.6,6,A5,X,14.7,11.7,13.4,21,313,3,6
2017,jeep,wrangler_unlimited_4x4,suv_small,3.6,6,M6,X,15,11.4,13.3,21,312,3,6
2017,kia,cadenza,full_size,3.3,6,AS8,X,11.5,8.5,10.2,28,237,5,6
2017,kia,forte_(mpi),mid_size,2,4,AS6,X,7.9,6.3,7.2,39,170,7,7
2017,kia,forte_(gdi),mid_size,2,4,AS6,X,9.4,7,8.3,34,198,6,6
2017,kia,forte,mid_size,2,4,M6,X,9.4,6.8,8.3,34,195,6,7
2017,kia,forte_5,full_size,1.6,4,AM7,X,9.4,7.9,8.7,32,207,6,6
2017,kia,forte_5,full_size,2,4,AS6,X,9.7,7,8.3,34,197,6,6
2017,kia,forte_5,full_size,2,4,M6,X,9.8,7.3,8.7,32,204,6,6
2017,kia,forte_koup,compact,1.6,4,AM7,X,9.6,7.4,8.6,33,204,6,6
2017,kia,forte_koup,compact,1.6,4,M6,X,10.1,8,9.2,31,216,6,6
2017,kia,forte_koup,compact,2,4,AS6,X,9.6,7.3,8.6,33,203,6,6
2017,kia,forte_koup,compact,2,4,M6,X,9.9,7.6,8.8,32,209,6,6
2017,kia,k900,full_size,3.8,6,AS8,X,13.8,9.3,11.8,24,279,4,6
2017,kia,k900,full_size,5,8,AS8,Z,15.6,10.6,13.3,21,317,3,6
2017,kia,niro,station_wagon_small,1.6,4,AM6,X,4.6,5.1,4.8,59,114,10,8
2017,kia,niro_fe,station_wagon_small,1.6,4,AM6,X,4.5,4.8,4.7,60,110,10,8
2017,kia,niro_touring,station_wagon_small,1.6,4,AM6,X,5.1,5.8,5.4,52,129,9,8
2017,kia,optima,full_size,2.4,4,AS6,X,9.6,6.8,8.4,34,198,6,7
2017,kia,optima_fe,full_size,2.4,4,AS6,X,9.3,6.6,8,35,190,7,7
2017,kia,optima_turbo,full_size,2,4,AS6,X,10.9,7.6,9.4,30,224,5,6
2017,kia,optima_hybrid,mid_size,2,4,AS6,X,6,5.1,5.6,50,132,9,6
2017,kia,rio,compact,1.6,4,AS6,X,8.8,6.5,7.8,36,181,7,6
2017,kia,rio,compact,1.6,4,M6,X,8.8,6.6,7.8,36,181,7,6
2017,kia,rondo,station_wagon_mid_size,2,4,AS6,X,9.9,7.6,8.9,32,210,6,7
2017,kia,sedona,minivan,3.3,6,AS6,X,13.2,9.7,11.6,24,275,4,6
2017,kia,sedona_sx,minivan,3.3,6,AS6,X,12.9,9.5,11.4,25,269,4,6
2017,kia,sedona_sxl,minivan,3.3,6,AS6,X,14.1,10.5,12.5,23,296,4,6
2017,kia,sorento,suv_small,2.4,4,AS6,X,11.2,8.3,9.9,29,234,5,7
2017,kia,sorento_awd,suv_small,2,4,AS6,X,12.3,9.4,11,26,259,4,6
2017,kia,sorento_awd,suv_small,2.4,4,AS6,X,11.5,9.3,10.5,27,246,5,7
2017,kia,sorento_awd,suv_small,3.3,6,AS6,X,14,10.1,12.2,23,289,4,6
2017,kia,sorento_awd_fe,suv_small,3.3,6,AS6,X,13.2,9.3,11.4,25,270,4,6
2017,kia,soul,station_wagon_small,1.6,4,AS6,X,9.4,7.8,8.7,32,205,6,6
2017,kia,soul,station_wagon_small,1.6,4,M6,X,9.7,7.8,8.8,32,208,6,6
2017,kia,soul,station_wagon_small,2,4,AS6,X,9.5,7.8,8.7,32,206,6,7
2017,kia,soul_turbo,station_wagon_small,1.6,4,AM7,X,9.1,7.7,8.5,33,199,6,6
2017,kia,sportage,suv_small,2.4,4,AS6,X,10.4,8,9.3,30,220,5,7
2017,kia,sportage_awd,suv_small,2,4,AS6,X,11.9,10.2,11.1,25,263,4,6
2017,kia,sportage_awd,suv_small,2.4,4,AS6,X,11.3,9.5,10.5,27,247,5,7
2017,lamborghini,aventador_coupe,two_seater,6.5,12,AM7,Z,22.2,12.7,17.9,16,428,1,5
2017,lamborghini,aventador_coupe_lp_740,two_seater,6.5,12,AM7,Z,23.9,14.5,19.7,14,461,1,5
2017,lamborghini,aventador_roadster,two_seater,6.5,12,AM7,Z,23,13.5,18.7,15,438,1,5
2017,lamborghini,aventador_roadster_lp_740,two_seater,6.5,12,AM7,Z,23.9,14.5,19.7,14,461,1,5
2017,lamborghini,huracan,two_seater,5.2,10,AM7,Z,16.4,11.4,14.2,20,331,3,5
2017,lamborghini,huracan_spyder,two_seater,5.2,10,AM7,Z,16.9,11.8,14.6,19,340,2,5
2017,land_rover,discovery_sport,suv_small,2,4,AS9,Z,12,9.2,10.7,26,252,5,8
2017,land_rover,range_rover_evoque,suv_small,2,4,AS9,Z,11.3,8,9.8,29,231,5,8
2017,land_rover,range_rover_evoque_convertible,suv_small,2,4,AS9,Z,12,8.5,10.4,27,243,5,8
2017,lexus,ct_200h,compact,1.8,4,AV,X,5.5,5.9,5.7,50,132,9,8
2017,lexus,es_300h,mid_size,2.5,4,AV6,X,5.8,6.1,5.9,48,139,9,8
2017,lexus,es_350,mid_size,3.5,6,AS6,X,11.4,7.7,9.7,29,226,5,6
2017,lexus,gs_350_awd,mid_size,3.5,6,AS6,Z,12.4,9.2,11,26,257,5,7
2017,lexus,gs_450h,mid_size,3.5,6,AV8,Z,8,6.9,7.5,38,176,7,8
2017,lexus,gs_f,compact,5,8,AS8,Z,14.9,9.7,12.5,23,293,4,7
2017,lexus,gx_460,suv_standard,4.6,8,AS6,Z,16,12.9,14.6,19,341,2,6
2017,lexus,is_200t,compact,2,4,AS8,Z,10.6,7.3,9.1,31,214,6,6
2017,lexus,is_300_awd,compact,3.5,6,AS6,Z,12.6,9.2,11,26,258,4,6
2017,lexus,is_350_awd,compact,3.5,6,AS6,Z,12.6,9.2,11,26,258,4,6
2017,lexus,ls_460_awd,mid_size,4.6,8,AS8,Z,15.1,10.3,12.9,22,303,3,6
2017,lexus,ls_460_l_awd,mid_size,4.6,8,AS8,Z,15.1,10.3,12.9,22,303,3,6
2017,lexus,lx_570,suv_standard,5.7,8,AS8,Z,18.2,13,15.8,18,372,2,5
2017,lexus,nx_200t_awd,suv_small,2,4,AS6,Z,10.7,8.5,9.7,29,226,5,6
2017,lexus,nx_200t_awd_f_sport,suv_small,2,4,AS6,Z,10.8,8.9,9.9,29,232,5,6
2017,lexus,nx_300h_awd,suv_small,2.5,4,AV6,X,7.2,7.9,7.5,38,176,7,8
2017,lexus,rc_300_awd,subcompact,3.5,6,AS6,Z,12.6,9.2,11,26,258,4,6
2017,lexus,rc_350_awd,subcompact,3.5,6,AS6,Z,12.6,9.2,11,26,258,4,6
2017,lexus,rc_f,subcompact,5,8,AS8,Z,15.2,9.5,12.6,22,289,4,7
2017,lexus,rx_350_awd,suv_small,3.5,6,AS8,X,12.2,9,10.8,26,252,5,7
2017,lexus,rx_450h_awd,suv_standard,3.5,6,AV6,Z,7.5,8.4,7.9,36,185,7,8
2017,lincoln,continental_awd,full_size,2.7,6,AS6,X,14,9.5,12,24,281,4,7
2017,lincoln,continental_awd,full_size,3,6,AS6,X,14.4,9.7,12.3,23,288,4,7
2017,lincoln,continental_awd,full_size,3.7,6,AS6,X,14.3,9.7,12.2,23,287,4,6
2017,lincoln,mkc_awd,suv_small,2,4,AS6,X,12.3,9.3,10.9,26,256,5,7
2017,lincoln,mkc_awd_(start/stop),suv_small,2,4,AS6,X,12.1,9.3,10.8,26,254,5,7
2017,lincoln,mkc_awd,suv_small,2.3,4,AS6,X,13.1,9.4,11.4,25,268,4,6
2017,lincoln,mkt_awd,suv_standard,3.5,6,AS6,X,15.7,11.2,13.7,21,321,3,6
2017,lincoln,mkt_livery_awd,special_purpose_vehicle,3.7,6,A6,X,14.7,10.2,12.7,22,298,4,6
2017,lincoln,mkx_awd,suv_small,2.7,6,AS6,X,14.1,9.8,12.1,23,284,4,7
2017,lincoln,mkx_awd,suv_small,3.7,6,AS6,X,14.4,10.3,12.5,23,293,4,6
2017,lincoln,mkz,mid_size,2,4,AS6,X,11.2,7.6,9.8,29,230,5,7
2017,lincoln,mkz,mid_size,3,6,AS6,X,13.4,8.7,11.2,25,264,4,7
2017,lincoln,mkz_awd,mid_size,2,4,AS6,X,11.8,8.4,10.2,28,239,5,7
2017,lincoln,mkz_awd,mid_size,3,6,AS6,X,14,9.2,11.8,24,278,4,7
2017,lincoln,mkz_hybrid,mid_size,2,4,AV,X,5.7,6.2,5.9,48,139,9,8
2017,lincoln,navigator_4x4,suv_standard,3.5,6,AS6,X,15.9,12,14.2,20,333,3,5
2017,lincoln,navigator_l_4x4,suv_standard,3.5,6,AS6,X,16.1,12.4,14.5,19,339,2,5
2017,maserati,ghibli,mid_size,3,6,AS8,Z,14.1,9.8,12.4,23,286,4,5
2017,maserati,ghibli_s,mid_size,3,6,AS8,Z,14.7,10,12.4,23,293,4,5
2017,maserati,ghibli_sq4,mid_size,3,6,AS8,Z,14.7,9.9,12.6,22,295,4,5
2017,maserati,granturismo,subcompact,4.7,8,AS6,Z,18.2,11.4,15.1,19,355,2,5
2017,maserati,granturismo_convertible,subcompact,4.7,8,AS6,Z,18.2,11.6,15.2,19,358,2,5
2017,maserati,levante,suv_standard,3,6,AS8,Z,16.8,11.9,14.7,19,340,2,5
2017,maserati,levante_s,suv_standard,3,6,AS8,Z,16.8,12.4,14.7,19,346,2,5
2017,maserati,quattroporte_gts,full_size,3.8,8,AS8,Z,16.1,10.8,13.8,20,321,3,5
2017,maserati,quattroporte_s,full_size,3,6,AS8,Z,14.9,10.3,13.1,22,300,3,5
2017,maserati,quattroporte_sq4,full_size,3,6,AS8,Z,15,10.3,13.1,22,301,3,5
2017,mazda,cx_3,compact,2,4,AS6,X,8.2,6.9,7.6,37,179,7,6
2017,mazda,cx_3_4wd,compact,2,4,AS6,X,8.8,7.5,8.2,34,192,7,6
2017,mazda,cx_5,suv_small,2,4,M6,X,9.4,7.4,8.5,33,199,6,6
2017,mazda,cx_5,suv_small,2.5,4,AS6,X,9.8,7.7,8.6,33,204,6,6
2017,mazda,cx_5_4wd,suv_small,2.5,4,AS6,X,10.2,8.3,9.2,31,221,5,6
2017,mazda,cx_9,suv_small,2.5,4,AS6,X,10.6,8.4,9.6,29,225,5,6
2017,mazda,cx_9_4wd,suv_small,2.5,4,AS6,X,11.5,8.9,10.4,27,242,5,6
2017,mazda,mazda3_4_door,compact,2,4,AS6,X,8.4,6.4,7.5,38,176,7,8
2017,mazda,mazda3_4_door,compact,2,4,M6,X,8.5,6.2,7.5,38,175,7,8
2017,mazda,mazda3_4_door_(sil),compact,2,4,M6,X,8.5,6.2,7.5,38,175,7,8
2017,mazda,mazda3_4_door,compact,2.5,4,AS6,X,8.8,6.6,7.8,36,182,7,8
2017,mazda,mazda3_4_door_(i_eloop),compact,2.5,4,AS6,X,8.5,6.4,7.6,37,176,7,8
2017,mazda,mazda3_4_door_(sil),compact,2.5,4,M6,X,9.3,6.9,8.2,34,194,7,6
2017,mazda,mazda3_5_door,mid_size,2,4,AS6,X,8.4,6.4,7.5,38,174,7,8
2017,mazda,mazda3_5_door_(sil),mid_size,2,4,M6,X,8.6,6.4,7.6,37,178,7,8
2017,mazda,mazda3_5_door,mid_size,2.5,4,AS6,X,9,6.7,7.8,36,183,7,8
2017,mazda,mazda3_5_door_(i_eloop),mid_size,2.5,4,AS6,X,8.7,6.6,7.8,36,181,7,8
2017,mazda,mazda3_5_door_(sil),mid_size,2.5,4,M6,X,9.6,7,8.4,34,198,6,6
2017,mazda,mazda5,minivan,2.5,4,AS5,X,10.8,8.2,9.6,29,226,5,6
2017,mazda,mazda5,minivan,2.5,4,M6,X,11.1,8.3,9.8,29,230,5,6
2017,mazda,mazda6,mid_size,2.5,4,AS6,X,9.1,6.7,8,35,187,7,8
2017,mazda,mazda6_(i_eloop),mid_size,2.5,4,AS6,X,8.9,6.7,7.9,36,186,7,8
2017,mazda,mazda6_(sil),mid_size,2.5,4,M6,X,9.8,6.9,8.4,34,196,6,8
2017,mazda,mx_5,two_seater,2,4,AS6,Z,9,6.7,8,35,187,7,6
2017,mazda,mx_5_(sil),two_seater,2,4,M6,Z,8.9,7.1,8.1,35,190,7,6
2017,mercedes_benz,amg_c_63,compact,4,8,AS7,Z,13.4,9.6,11.7,24,273,4,5
2017,mercedes_benz,amg_c_63_cabriolet,subcompact,4,8,AS7,Z,14,10.1,12.2,23,291,4,5
2017,mercedes_benz,amg_c_63_coupe,subcompact,4,8,AS7,Z,13.8,10.1,12.1,23,285,4,5
2017,mercedes_benz,amg_c_63_s,compact,4,8,AS7,Z,13.4,9.6,11.7,24,273,4,5
2017,mercedes_benz,amg_c_63_s_cabriolet,subcompact,4,8,AS7,Z,14,10.1,12.2,23,291,4,5
2017,mercedes_benz,amg_c_63_s_coupe,subcompact,4,8,AS7,Z,13.8,10.1,12.1,23,285,4,5
2017,mercedes_benz,amg_cla_45,compact,2,4,AS7,Z,10.7,7.6,9.3,30,221,5,5
2017,mercedes_benz,amg_cls_63_s_4matic,compact,5.5,8,AS7,Z,15.1,10.8,13.1,22,308,3,5
2017,mercedes_benz,amg_g_63,suv_standard,5.5,8,AS7,Z,20,16.6,18.5,15,413,1,5
2017,mercedes_benz,amg_g_65,suv_standard,6,12,AS7,Z,22.2,18,20.3,14,467,1,5
2017,mercedes_benz,amg_gla_45_4matic,suv_small,2,4,AS7,Z,11.3,8.5,10,28,233,5,5
2017,mercedes_benz,amg_glc_43_4matic_coupe,suv_small,3,6,A9,Z,17.4,11.1,14.6,19,353,2,5
2017,mercedes_benz,amg_gle_43_4matic,suv_standard,3,6,A9,Z,13.6,10.1,12,24,281,4,5
2017,mercedes_benz,amg_gle_43_4matic_coupe,suv_standard,3,6,A9,Z,13.6,10.2,12,24,281,4,5
2017,mercedes_benz,amg_gle_63_s_4matic,suv_standard,5.5,8,AS7,Z,17.3,13.5,15.6,18,363,2,5
2017,mercedes_benz,amg_gle_63_s_4matic_coupe,suv_standard,5.5,8,AS7,Z,17.2,12.8,15.2,19,363,2,5
2017,mercedes_benz,amg_gls_63,suv_standard,5.5,8,AS7,Z,18.2,14,16.3,17,369,2,5
2017,mercedes_benz,amg_gt_coupe,two_seater,4,8,AS7,Z,14.5,10.8,12.8,22,303,3,5
2017,mercedes_benz,amg_gt_s_coupe,two_seater,4,8,AS7,Z,14.5,10.8,12.8,22,303,3,5
2017,mercedes_benz,amg_s_63_4matic,full_size,5.5,8,AS7,Z,15.7,10.1,13.2,21,313,3,5
2017,mercedes_benz,amg_s_63_cabriolet,compact,5.5,8,AS7,Z,16.4,10.6,13.8,20,322,3,5
2017,mercedes_benz,amg_s_63_coupe,compact,5.5,8,AS7,Z,15.3,10.2,13,22,305,3,5
2017,mercedes_benz,amg_s_65,full_size,6,12,AS7,Z,17.6,10.9,14.6,19,349,2,5
2017,mercedes_benz,amg_s_65_cabriolet,compact,6,12,AS7,Z,17.1,11,14.3,20,348,2,5
2017,mercedes_benz,amg_s_65_coupe,compact,6,12,AS7,Z,18.7,11.6,15.5,18,365,2,5
2017,mercedes_benz,amg_sl_63,two_seater,5.5,8,AS7,Z,14.7,9.5,12.4,23,298,4,5
2017,mercedes_benz,amg_sl_65,two_seater,6,12,AS7,Z,17.6,10.8,14.5,19,340,2,5
2017,mercedes_benz,amg_slc_43,two_seater,3,6,A9,Z,11.6,8.2,10.1,28,234,5,5
2017,mercedes_benz,b_250,mid_size,2,4,AS7,Z,9.7,6.6,8.3,34,179,7,5
2017,mercedes_benz,c_300_4matic,compact,2,4,AS7,Z,10.1,7.8,9,31,212,6,5
2017,mercedes_benz,c_300_4matic_cabriolet,subcompact,2,4,A9,Z,10.8,8,9.5,30,222,5,5
2017,mercedes_benz,c_300_4matic_coupe,subcompact,2,4,AS7,Z,10.4,8,9.3,30,218,5,5
2017,mercedes_benz,cla_250,compact,2,4,AS7,Z,9.6,6.4,8.1,35,190,7,5
2017,mercedes_benz,cls_550_4matic,compact,4.7,8,A9,Z,13.6,9.4,11.7,24,275,4,5
2017,mercedes_benz,e_300_4matic,mid_size,2,4,A9,Z,10.8,8.1,9.5,30,246,5,5
2017,mercedes_benz,e_400_4matic,mid_size,3,6,A9,Z,11.8,8.6,10.4,27,245,5,5
2017,mercedes_benz,e_400_4matic_wagon,station_wagon_mid_size,3,6,A9,Z,12.4,9.3,11,26,259,4,5
2017,mercedes_benz,e_400_cabriolet,subcompact,3,6,AS7,Z,11.5,8.1,10,28,233,5,5
2017,mercedes_benz,e_400_coupe,subcompact,3,6,AS7,Z,11.8,8.4,10.2,28,239,5,5
2017,mercedes_benz,e_550_cabriolet,subcompact,4.7,8,AS7,Z,13.7,9.2,11.7,24,275,4,5
2017,mercedes_benz,e_550_coupe,subcompact,4.7,8,AS7,Z,13.4,8.9,11.4,25,268,4,5
2017,mercedes_benz,g_550,suv_standard,4,8,AS7,Z,19,16.6,17.9,16,401,1,5
2017,mercedes_benz,gla_250_4matic,suv_small,2,4,AS7,Z,10.3,7.6,9.1,31,212,6,5
2017,mercedes_benz,gla_250_4matic,suv_small,2,4,AS7,E,13.6,10,12,24,128,9,5
2017,mercedes_benz,glc_300_4matic,suv_small,2,4,A9,Z,11.1,8.5,10,28,233,5,5
2017,mercedes_benz,gle_400_4matic,suv_standard,3,6,A9,Z,13.1,10.1,11.7,24,276,4,5
2017,mercedes_benz,gle_550_4matic,suv_standard,4.7,8,A9,Z,15.3,11.3,13.5,21,318,3,5
2017,mercedes_benz,gls_450_4matic,suv_standard,3,6,A9,Z,14.4,11.4,13,22,306,3,5
2017,mercedes_benz,gls_550_4matic,suv_standard,4.7,8,A9,Z,16.7,12.9,15,19,347,2,5
2017,mercedes_benz,maybach_s_600,full_size,6,12,AS7,Z,18.2,11,15,19,359,2,5
2017,mercedes_benz,metris_cargo,special_purpose_vehicle,2,4,AS7,Z,11.1,9.1,10.2,28,240,5,5
2017,mercedes_benz,metris_passenger,special_purpose_vehicle,2,4,AS7,Z,11.5,9.3,10.5,27,248,5,5
2017,mercedes_benz,s_400_4matic_swb,mid_size,3,6,AS7,Z,12.6,8.6,10.8,26,253,5,5
2017,mercedes_benz,s_550_4matic_swb,mid_size,4.7,8,A9,Z,14.3,9.2,12,24,280,4,5
2017,mercedes_benz,s_550_4matic_lwb,full_size,4.7,8,A9,Z,14.3,9.2,12,24,280,4,5
2017,mercedes_benz,s_550_4matic_cabriolet,compact,4.7,8,A9,Z,13.9,9.3,11.8,24,276,4,5
2017,mercedes_benz,s_550_4matic_coupe,compact,4.7,8,A9,Z,14.1,9.3,11.9,24,278,4,5
2017,mercedes_benz,s_600,full_size,6,12,AS7,Z,17.5,10.8,14.5,19,350,2,5
2017,mercedes_benz,sl_450,two_seater,3,6,A9,Z,11.5,8.4,10.1,28,237,5,5
2017,mercedes_benz,sl_550,two_seater,4.7,8,A9,Z,13.6,9.5,11.7,24,275,4,5
2017,mercedes_benz,slc_300,two_seater,2,4,A9,Z,9.5,7.2,8.5,33,200,6,5
2017,mini,cooper_3_door,subcompact,1.5,3,AS6,Z,8.8,6.8,7.9,36,184,7,8
2017,mini,cooper_3_door,subcompact,1.5,3,M6,Z,8.5,6.2,7.5,38,175,7,8
2017,mini,cooper_5_door,subcompact,1.5,3,AS6,Z,8.8,6.8,7.9,36,184,7,8
2017,mini,cooper_5_door,subcompact,1.5,3,M6,Z,8.5,6.3,7.5,38,175,7,8
2017,mini,cooper_clubman,mid_size,1.5,3,AS6,Z,9.5,7.2,8.4,34,197,6,8
2017,mini,cooper_clubman,mid_size,1.5,3,M6,Z,9.6,7,8.4,34,197,6,8
2017,mini,cooper_clubman_all4,mid_size,1.5,3,AS8,Z,10.2,7.8,9.1,31,213,6,6
2017,mini,cooper_clubman_all4,mid_size,1.5,3,M6,Z,10.6,7.4,9.1,31,214,6,6
2017,mini,cooper_convertible,minicompact,1.5,3,AS6,Z,8.8,6.8,7.9,36,184,7,8
2017,mini,cooper_convertible,minicompact,1.5,3,M6,Z,8.5,6.3,7.5,38,175,7,8
2017,mini,cooper_countryman,mid_size,1.5,3,AS6,Z,9.5,7.2,8.4,34,197,6,6
2017,mini,cooper_countryman,mid_size,1.5,3,M6,Z,9.6,7,8.4,34,197,6,6
2017,mini,cooper_countryman_all4,mid_size,1.5,3,AS8,Z,10.3,7.9,9.2,31,215,6,6
2017,mini,cooper_countryman_all4,mid_size,1.5,3,M6,Z,10.6,7.4,9.1,31,214,6,6
2017,mini,cooper_s_3_door,subcompact,2,4,AS6,Z,9.3,7.2,8.3,34,196,6,8
2017,mini,cooper_s_3_door,subcompact,2,4,M6,Z,10.2,7.3,8.9,32,210,6,8
2017,mini,cooper_s_5_door,subcompact,2,4,AS6,Z,9.3,7.2,8.3,34,196,6,8
2017,mini,cooper_s_5_door,subcompact,2,4,M6,Z,10.2,7.3,8.9,32,210,6,8
2017,mini,cooper_s_clubman,mid_size,2,4,AS8,Z,10,7.2,8.7,32,205,6,8
2017,mini,cooper_s_clubman,mid_size,2,4,M6,Z,10.8,7.7,9.4,30,220,5,8
2017,mini,cooper_s_clubman_all4,mid_size,2,4,AS8,Z,10.2,7.4,9,31,210,6,8
2017,mini,cooper_s_clubman_all4,mid_size,2,4,M6,Z,11.4,7.8,9.7,29,227,5,8
2017,mini,cooper_s_convertible,minicompact,2,4,AS6,Z,9.4,7.2,8.4,34,196,6,8
2017,mini,cooper_s_convertible,minicompact,2,4,M6,Z,10.2,7.3,8.9,32,210,6,8
2017,mini,cooper_s_countryman_all4,mid_size,2,4,AS8,Z,10.5,7.4,9.1,31,213,6,8
2017,mini,cooper_s_countryman_all4,mid_size,2,4,M6,Z,11.3,7.7,9.7,29,227,5,8
2017,mini,john_cooper_works_3_door,subcompact,2,4,AS6,Z,9.3,7.2,8.3,34,196,6,6
2017,mini,john_cooper_works_3_door,subcompact,2,4,M6,Z,10.2,7.3,8.9,32,210,6,6
2017,mini,john_cooper_works_clubman_all4,mid_size,2,4,AS8,Z,10.2,7.4,9,31,210,6,6
2017,mini,john_cooper_works_clubman_all4,mid_size,2,4,M6,Z,11.4,7.8,9.7,29,227,5,6
2017,mini,john_cooper_works_convertible,minicompact,2,4,AS6,Z,9.4,7.2,8.4,34,196,6,6
2017,mini,john_cooper_works_convertible,minicompact,2,4,M6,Z,10.8,7.7,9.4,30,220,5,6
2017,mitsubishi,lancer,compact,2,4,AV6,X,8.7,6.9,7.9,36,183,7,5
2017,mitsubishi,lancer,compact,2,4,M5,X,9.7,7.1,8.5,33,200,6,5
2017,mitsubishi,lancer,compact,2.4,4,AV6,X,9.9,7.7,8.9,32,206,6,5
2017,mitsubishi,lancer,compact,2.4,4,M5,X,10.5,7.8,9.3,30,218,5,5
2017,mitsubishi,lancer_4wd,compact,2.4,4,AV6,X,10.2,7.9,9.2,31,212,6,5
2017,mitsubishi,lancer_sportback,station_wagon_small,2,4,AV6,X,9.3,7.2,8.4,34,194,7,5
2017,mitsubishi,lancer_sportback,station_wagon_small,2,4,M5,X,9.9,7.3,8.7,32,205,6,5
2017,mitsubishi,mirage,compact,1.2,3,AV,X,6.4,5.5,6,47,141,9,7
2017,mitsubishi,mirage,compact,1.2,3,M5,X,7.1,5.8,6.5,43,150,8,7
2017,mitsubishi,mirage_g4,compact,1.2,3,AV,X,6.9,5.7,6.4,44,149,8,7
2017,mitsubishi,mirage_g4,compact,1.2,3,M5,X,7.2,5.9,6.6,43,155,8,7
2017,mitsubishi,outlander,suv_small,2.4,4,AV6,X,9.2,7.5,8.4,34,197,6,7
2017,mitsubishi,outlander_4wd,suv_small,2.4,4,AV6,X,9.8,8.1,9,31,211,6,7
2017,mitsubishi,outlander_4wd,suv_small,3,6,AS6,Z,11.9,8.5,10.4,27,242,5,7
2017,mitsubishi,rvr,suv_small,2,4,AV6,X,9.7,7.8,8.8,32,204,6,7
2017,mitsubishi,rvr,suv_small,2,4,M5,X,10.3,8.2,9.3,30,216,6,7
2017,mitsubishi,rvr_4wd,suv_small,2,4,AV6,X,10.1,8.2,9.2,31,213,6,7
2017,nissan,370z,two_seater,3.7,6,AS7,Z,12.6,9.3,11.1,25,261,4,6
2017,nissan,370z,two_seater,3.7,6,M6,Z,13.3,9.3,11.5,25,269,4,6
2017,nissan,370z_roadster,two_seater,3.7,6,AS7,Z,13,9.7,11.5,25,270,4,6
2017,nissan,370z_roadster,two_seater,3.7,6,M6,Z,13.6,9.7,11.8,24,278,4,6
2017,nissan,altima,mid_size,2.5,4,AV,X,8.8,6,7.5,38,176,7,8
2017,nissan,altima,mid_size,3.5,6,AV7,X,10.6,7.3,9.1,31,214,6,6
2017,nissan,altima_sr,mid_size,2.5,4,AV7,X,8.8,6.5,7.8,36,183,7,8
2017,nissan,armada_4wd,suv_standard,5.6,8,AS7,X,17.5,12.9,15.4,18,362,2,6
2017,nissan,frontier,pickup_truck_small,2.5,4,A5,X,13.5,10.5,12.2,23,286,4,6
2017,nissan,frontier,pickup_truck_small,2.5,4,M5,X,12.2,10.4,11.4,25,268,4,6
2017,nissan,frontier,pickup_truck_small,4,6,A5,X,14.8,10.6,12.9,22,304,3,6
2017,nissan,frontier_4wd,pickup_truck_small,4,6,A5,X,15.8,11.5,13.8,20,326,3,6
2017,nissan,frontier_4wd,pickup_truck_small,4,6,M6,X,15.1,11.5,13.5,21,317,3,6
2017,nissan,gt_r,subcompact,3.8,6,AM6,Z,14.5,10.7,12.8,22,300,3,6
2017,nissan,juke,station_wagon_small,1.6,4,AV7,Z,8.5,7.5,8,35,189,7,6
2017,nissan,juke,station_wagon_small,1.6,4,M6,Z,8.6,7.2,8,35,188,7,6
2017,nissan,juke_awd,station_wagon_small,1.6,4,AV7,Z,9,7.8,8.4,34,199,6,6
2017,nissan,juke_nismo_rs,station_wagon_small,1.6,4,M6,Z,9,7.6,8.4,34,197,6,6
2017,nissan,juke_nismo_rs_awd,station_wagon_small,1.6,4,AV8,Z,9.5,8.3,8.9,32,209,6,6
2017,nissan,maxima,mid_size,3.5,6,AV7,Z,11.1,7.8,9.6,29,225,5,6
2017,nissan,micra,compact,1.6,4,A4,X,8.9,6.8,7.9,36,186,7,6
2017,nissan,micra,compact,1.6,4,M5,X,8.7,6.8,7.9,36,185,7,6
2017,nissan,murano,station_wagon_mid_size,3.5,6,AV7,X,11,8.3,9.8,29,230,5,7
2017,nissan,murano_awd,station_wagon_mid_size,3.5,6,AV7,X,11.2,8.4,9.9,29,232,5,7
2017,nissan,nv200_cargo_van,special_purpose_vehicle,2,4,AV,X,9.8,9,9.4,30,220,5,6
2017,nissan,pathfinder,suv_small,3.5,6,AV,X,11.6,8.5,10.2,28,240,5,7
2017,nissan,pathfinder_4wd,suv_small,3.5,6,AV,X,12.1,8.9,10.7,26,250,5,7
2017,nissan,pathfinder_4wd_platinum,suv_small,3.5,6,AV,X,12.4,9.2,11,26,258,4,6
2017,nissan,qashqai,station_wagon_small,2,4,AV,X,8.8,7.3,8.1,35,191,7,7
2017,nissan,qashqai,station_wagon_small,2,4,M6,X,10,8.1,9.2,31,216,6,7
2017,nissan,qashqai_awd,station_wagon_small,2,4,AV,X,9.1,7.5,8.4,34,197,6,7
2017,nissan,rogue,suv_small,2.5,4,AV,X,9.2,7,8.2,34,192,7,7
2017,nissan,rogue_awd,suv_small,2.5,4,AV,X,9.6,7.4,8.6,33,203,6,7
2017,nissan,sentra_(turbo),mid_size,1.6,4,AV7,Z,8.9,7.3,8.2,34,193,7,6
2017,nissan,sentra_(turbo),mid_size,1.6,4,M6,Z,9.1,7.3,8.3,34,195,6,6
2017,nissan,sentra,mid_size,1.8,4,AV,X,8.1,6.3,7.3,39,171,7,8
2017,nissan,sentra,mid_size,1.8,4,M6,X,9,6.8,8,35,187,7,5
2017,nissan,sentra_nismo,mid_size,1.6,4,AV7,Z,9.4,7.8,8.7,32,205,6,6
2017,nissan,sentra_nismo,mid_size,1.6,4,M6,Z,9.5,7.6,8.7,32,204,6,6
2017,nissan,titan,pickup_truck_standard,5.6,8,AS7,X,15,11.2,13.3,21,312,3,6
2017,nissan,titan_4wd,pickup_truck_standard,5.6,8,AS7,X,15.2,11.1,13.4,21,315,3,6
2017,nissan,titan_4wd_pro_4x,pickup_truck_standard,5.6,8,AS7,X,16,12,14.2,20,333,3,6
2017,nissan,versa,mid_size,1.6,4,AV,X,7.6,6.2,7,40,164,8,6
2017,nissan,versa,mid_size,1.6,4,M5,X,8.6,6.6,7.7,37,180,7,6
2017,porsche,911_carrera,minicompact,3,6,AM7,Z,10.6,8,9.4,30,221,5,5
2017,porsche,911_carrera,minicompact,3,6,M7,Z,11.8,8.1,10.1,28,237,5,5
2017,porsche,911_carrera_cabriolet,minicompact,3,6,AM7,Z,10.8,8.3,9.7,29,227,5,5
2017,porsche,911_carrera_cabriolet,minicompact,3,6,M7,Z,12,8.2,10.3,27,241,5,5
2017,porsche,911_carrera_s,minicompact,3,6,AM7,Z,10.8,8.3,9.7,29,226,5,5
2017,porsche,911_carrera_s,minicompact,3,6,M7,Z,12.1,8.3,10.4,27,242,5,5
2017,porsche,911_carrera_s_cabriolet,minicompact,3,6,AM7,Z,10.8,8.4,9.7,29,228,5,5
2017,porsche,911_carrera_s_cabriolet,minicompact,3,6,M7,Z,12.1,8.3,10.4,27,243,5,5
2017,porsche,911_carrera_4,minicompact,3,6,AM7,Z,10.7,8.3,9.6,29,225,5,5
2017,porsche,911_carrera_4,minicompact,3,6,M7,Z,12.1,8.3,10.4,27,242,5,5
2017,porsche,911_carrera_4_cabriolet,minicompact,3,6,AM7,Z,11,8.4,9.8,29,230,5,5
2017,porsche,911_carrera_4_cabriolet,minicompact,3,6,M7,Z,12.2,8.5,10.5,27,246,5,5
2017,porsche,911_carrera_4s,minicompact,3,6,AM7,Z,11,8.5,9.9,29,232,5,5
2017,porsche,911_carrera_4s,minicompact,3,6,M7,Z,12.1,8.4,10.4,27,243,5,5
2017,porsche,911_carrera_4s_cabriolet,minicompact,3,6,AM7,Z,10.9,8.5,9.9,29,231,5,5
2017,porsche,911_carrera_4s_cabriolet,minicompact,3,6,M7,Z,12.2,8.5,10.5,27,246,5,5
2017,porsche,911_targa_4,minicompact,3,6,AM7,Z,10.9,8.4,9.8,29,228,5,5
2017,porsche,911_targa_4,minicompact,3,6,M7,Z,12.2,8.5,10.5,27,246,5,5
2017,porsche,911_targa_4s,minicompact,3,6,AM7,Z,11.1,8.6,10,28,233,5,5
2017,porsche,911_targa_4s,minicompact,3,6,M7,Z,12.2,8.5,10.5,27,246,5,5
2017,porsche,911_turbo,minicompact,3.8,6,AM7,Z,12.6,9.9,11.4,25,266,4,5
2017,porsche,911_turbo_cabriolet,minicompact,3.8,6,AM7,Z,12.6,9.9,11.4,25,267,4,5
2017,porsche,911_turbo_s,minicompact,3.8,6,AM7,Z,12.6,9.9,11.4,25,266,4,5
2017,porsche,911_turbo_s_cabriolet,minicompact,3.8,6,AM7,Z,12.6,9.9,11.4,25,267,4,5
2017,porsche,boxster,two_seater,2,4,AM7,Z,10.5,8,9.4,30,219,5,5
2017,porsche,boxster,two_seater,2,4,M6,Z,11,8.3,9.8,29,229,5,5
2017,porsche,boxster_s,two_seater,2.5,4,AM7,Z,11,8.4,9.9,29,230,5,5
2017,porsche,boxster_s,two_seater,2.5,4,M6,Z,12.1,9,10.7,26,249,5,5
2017,porsche,cayenne,suv_standard,3.6,6,A8,Z,12.9,9.7,11.5,25,268,4,5
2017,porsche,cayenne_platinum,suv_standard,3.6,6,A8,Z,13.6,10.2,12.1,23,281,4,5
2017,porsche,cayenne_s,suv_standard,3.6,6,A8,Z,13.9,9.6,12,24,281,4,5
2017,porsche,cayenne_gts,suv_standard,3.6,6,A8,Z,14.5,10.4,12.6,22,296,4,5
2017,porsche,cayenne_turbo,suv_standard,4.8,8,A8,Z,16.7,11.2,14.2,20,334,3,5
2017,porsche,cayenne_turbo_s,suv_standard,4.8,8,A8,Z,16.7,11.2,14.2,20,334,3,5
2017,porsche,cayman,two_seater,2,4,AM7,Z,10.5,8,9.4,30,219,5,5
2017,porsche,cayman,two_seater,2,4,M6,Z,11,8.3,9.8,29,229,5,5
2017,porsche,cayman_s,two_seater,2.5,4,AM7,Z,11,8.4,9.9,29,230,5,5
2017,porsche,cayman_s,two_seater,2.5,4,M6,Z,12.1,9,10.7,26,249,5,5
2017,porsche,macan,suv_small,2,4,A7,Z,11.6,9.3,10.6,27,248,5,5
2017,porsche,macan_s,suv_small,3,6,A7,Z,13.7,10.3,12.2,23,285,4,5
2017,porsche,macan_gts,suv_small,3,6,A7,Z,13.8,10.3,12.3,23,287,4,5
2017,porsche,macan_turbo,suv_small,3.6,6,A7,Z,14.2,10.1,12.3,23,287,4,5
2017,ram,1500_ffv,pickup_truck_standard,3.6,6,A8,X,13.9,9.6,11.9,24,280,4,6
2017,ram,1500_ffv,pickup_truck_standard,3.6,6,A8,E,19.7,13.8,17,17,283,4,6
2017,ram,1500,pickup_truck_standard,5.7,8,A6,X,17,12,14.8,19,346,2,6
2017,ram,1500,pickup_truck_standard,5.7,8,A8,X,15.7,11,13.6,21,319,3,6
2017,ram,1500_ecodiesel,pickup_truck_standard,3,6,A8,D,11.8,8.6,10.4,27,278,4,5
2017,ram,1500_4x4_ffv,pickup_truck_standard,3.6,6,A8,X,14.5,10.2,12.6,22,294,4,6
2017,ram,1500_4x4_ffv,pickup_truck_standard,3.6,6,A8,E,20.7,14.7,18,16,300,3,6
2017,ram,1500_4x4,pickup_truck_standard,5.7,8,A6,X,17.5,12.7,15.4,18,361,2,6
2017,ram,1500_4x4,pickup_truck_standard,5.7,8,A8,X,16.1,11.5,14,20,328,3,6
2017,ram,1500_4x4_ecodiesel,pickup_truck_standard,3,6,A8,D,12.3,8.8,10.8,26,289,4,5
2017,ram,promaster_city,special_purpose_vehicle,2.4,4,A9,X,11.2,8.3,9.9,29,232,5,6
2017,rolls_royce,dawn,compact,6.6,12,AS8,Z,20,12.6,16.7,17,390,1,6
2017,rolls_royce,ghost,full_size,6.6,12,AS8,Z,20,12.6,16.7,17,390,1,6
2017,rolls_royce,ghost_ewb,full_size,6.6,12,AS8,Z,20,12.6,16.7,17,390,1,6
2017,rolls_royce,phantom,full_size,6.7,12,AS8,Z,20.7,12.7,17.1,17,400,1,6
2017,rolls_royce,phantom_ewb,full_size,6.7,12,AS8,Z,20.7,12.7,17.1,17,400,1,6
2017,rolls_royce,phantom_coupe,compact,6.7,12,AS8,Z,20.7,12.7,17.1,17,400,1,6
2017,rolls_royce,phantom_drophead_coupe,compact,6.7,12,AS8,Z,20.6,12.8,17.1,17,401,1,6
2017,rolls_royce,wraith,mid_size,6.6,12,AS8,Z,19,12.5,16.1,18,375,2,6
2017,smart,fortwo_cabriolet,two_seater,0.9,3,AM6,Z,7,6.3,6.7,42,152,8,5
2017,subaru,brz,minicompact,2,4,AS6,Z,9.7,7.2,8.6,33,200,6,5
2017,subaru,brz,minicompact,2,4,M6,Z,11.1,8,9.7,29,228,5,5
2017,subaru,crosstrek_awd,suv_small,2,4,AV6,X,9.1,7.2,8.2,34,193,7,7
2017,subaru,crosstrek_awd,suv_small,2,4,M5,X,10.3,7.8,9.2,31,216,6,7
2017,subaru,forester_awd,suv_small,2,4,AV8,Z,10.2,8.6,9.5,30,223,5,5
2017,subaru,forester_awd,suv_small,2.5,4,AV6,X,9.2,7.4,8.4,34,196,6,7
2017,subaru,forester_awd,suv_small,2.5,4,M6,X,10.9,8.3,9.7,29,228,5,7
2017,subaru,impreza_4_door_awd,mid_size,2,4,AV7,X,8.3,6.4,7.5,38,174,7,7
2017,subaru,impreza_4_door_awd,mid_size,2,4,M5,X,10,7.5,8.9,32,208,6,7
2017,subaru,impreza_5_door_awd,station_wagon_small,2,4,AV7,X,8.4,6.5,7.5,38,176,7,7
2017,subaru,impreza_5_door_awd,station_wagon_small,2,4,M5,X,10.1,7.7,9,31,211,6,7
2017,subaru,legacy_awd,mid_size,2.5,4,AV6,X,9.3,7,8.3,34,194,7,5
2017,subaru,legacy_awd,mid_size,2.5,4,M6,X,10.7,7.9,9.5,30,222,5,5
2017,subaru,legacy_awd,mid_size,3.6,6,AV6,X,11.9,8.3,10.3,27,241,5,6
2017,subaru,outback_awd,suv_small,2.5,4,AV6,X,9.4,7.3,8.4,34,198,6,5
2017,subaru,outback_awd,suv_small,2.5,4,M6,X,11,8.3,9.8,29,229,5,5
2017,subaru,outback_awd,suv_small,3.6,6,AV6,X,12,8.7,10.5,27,247,5,6
2017,subaru,wrx_awd,compact,2,4,AV8,Z,12.5,9.6,11.2,25,255,5,5
2017,subaru,wrx_awd,compact,2,4,M6,Z,11.3,8.5,10,28,235,5,5
2017,subaru,wrx_awd,compact,2.5,4,M6,Z,13.8,10.2,12.2,23,285,4,5
2017,toyota,4runner_4wd,suv_standard,4,6,AS5,X,14.3,12,13.3,21,310,3,6
2017,toyota,4runner_4wd_(part_time_4wd),suv_standard,4,6,AS5,X,14.3,12,13.3,21,310,3,6
2017,toyota,86,minicompact,2,4,AS6,Z,9.9,7.3,8.7,32,204,6,5
2017,toyota,86,minicompact,2,4,M6,Z,11.3,8.3,9.9,29,232,5,5
2017,toyota,avalon,mid_size,3.5,6,AS6,X,11.4,7.7,9.7,29,226,5,6
2017,toyota,camry,mid_size,2.5,4,AS6,X,9.8,7.1,8.6,33,199,6,6
2017,toyota,camry,mid_size,3.5,6,AS6,X,11,7.8,9.6,29,224,5,6
2017,toyota,camry_hybrid_le,mid_size,2.5,4,AV,X,5.6,6.2,5.9,48,137,9,8
2017,toyota,camry_hybrid_xle/se,mid_size,2.5,4,AV,X,5.8,6.3,6,47,141,9,8
2017,toyota,corolla,mid_size,1.8,4,AV,X,8.3,6.5,7.5,38,174,7,6
2017,toyota,corolla,mid_size,1.8,4,AV7,X,8.3,6.7,7.5,38,178,7,6
2017,toyota,corolla,mid_size,1.8,4,M6,X,8.4,6.5,7.5,38,176,7,6
2017,toyota,corolla_le_eco_(1_mode),mid_size,1.8,4,AV,X,7.8,5.9,6.9,41,163,8,7
2017,toyota,corolla_le_eco_(2_mode),mid_size,1.8,4,AV,X,8,6.3,7.2,39,168,8,7
2017,toyota,corolla_im,mid_size,1.8,4,AV7,X,8.3,6.5,7.5,38,176,7,7
2017,toyota,corolla_im,mid_size,1.8,4,M6,X,8.8,6.8,7.9,36,185,7,7
2017,toyota,highlander,suv_small,3.5,6,AS8,X,11.8,8.7,10.3,27,243,5,7
2017,toyota,highlander_awd,suv_standard,3.5,6,AS8,X,12.1,9,10.6,27,251,5,7
2017,toyota,highlander_awd_(start/stop_system),suv_standard,3.5,6,AS8,X,12,8.9,10.6,27,247,5,7
2017,toyota,highlander_awd_le,suv_standard,3.5,6,AS8,X,11.7,8.8,10.4,27,242,5,7
2017,toyota,highlander_hybrid_awd,suv_standard,3.5,6,AV6,X,8.1,8.5,8.3,34,193,7,8
2017,toyota,prius,mid_size,1.8,4,AV,X,4.4,4.6,4.5,63,105,10,8
2017,toyota,prius_c,compact,1.5,4,AV,X,4.9,5.5,5.1,55,120,10,8
2017,toyota,prius_v,station_wagon_mid_size,1.8,4,AV,X,5.5,6,5.8,49,135,9,8
2017,toyota,rav4,suv_small,2.5,4,AS6,X,10.3,8,9.2,31,217,6,6
2017,toyota,rav4_le/xle,suv_small,2.5,4,AS6,X,10,7.8,9,31,210,6,6
2017,toyota,rav4_awd,suv_small,2.5,4,AS6,X,10.5,8.3,9.5,30,222,5,6
2017,toyota,rav4_limited/se_awd,suv_small,2.5,4,AS6,X,10.7,8.4,9.7,29,226,5,6
2017,toyota,rav4_hybrid_awd,suv_small,2.5,4,AV6,X,6.9,7.8,7.3,39,170,7,8
2017,toyota,sequoia_4wd,suv_standard,5.7,8,AS6,X,18.7,13.8,16.5,17,380,2,5
2017,toyota,sienna,minivan,3.5,6,AS8,X,12.5,8.9,10.9,26,255,5,7
2017,toyota,sienna_awd,minivan,3.5,6,AS8,X,13.4,9.6,11.7,24,274,4,7
2017,toyota,tacoma,pickup_truck_small,2.7,4,AS6,X,12.1,10.1,11.2,25,263,4,7
2017,toyota,tacoma,pickup_truck_small,3.5,6,AS6,X,12.6,10,11.4,25,268,4,7
2017,toyota,tacoma_4wd,pickup_truck_small,2.7,4,AS6,X,12.7,10.6,11.7,24,274,4,7
2017,toyota,tacoma_4wd,pickup_truck_small,2.7,4,M5,X,12.4,11.4,11.9,24,279,4,7
2017,toyota,tacoma_4wd,pickup_truck_small,3.5,6,AS6,X,13.2,10.7,12,24,283,4,7
2017,toyota,tacoma_4wd,pickup_truck_small,3.5,6,M6,X,13.8,11.6,12.8,22,301,3,7
2017,toyota,tacoma_4wd_d_cab_off_road,pickup_truck_small,3.5,6,M6,X,13.8,11.7,12.9,22,300,3,7
2017,toyota,tundra,pickup_truck_standard,4.6,8,AS6,X,15.8,12.3,14.2,20,334,3,5
2017,toyota,tundra,pickup_truck_standard,5.7,8,AS6,X,17.2,12.9,15.3,18,358,2,5
2017,toyota,tundra_4wd,pickup_truck_standard,4.6,8,AS6,X,16.8,12.6,14.9,19,349,2,5
2017,toyota,tundra_4wd,pickup_truck_standard,5.7,8,AS6,X,18.1,13.9,16.2,17,378,2,5
2017,toyota,yaris,compact,1.5,4,AS6,X,7.3,5.8,6.6,43,155,8,6
2017,toyota,yaris_(sil),compact,1.5,4,M6,X,7.8,6,6.8,42,164,8,6
2017,toyota,yaris_hatchback,compact,1.5,4,A4,X,7.9,6.8,7.4,38,173,7,6
2017,toyota,yaris_hatchback,compact,1.5,4,M5,X,7.8,6.5,7.2,39,168,8,6
2017,volkswagen,beetle,compact,1.8,4,AS6,X,9.7,7.2,8.5,33,199,6,8
2017,volkswagen,beetle,compact,1.8,4,M5,X,9.5,7.1,8.4,34,198,6,8
2017,volkswagen,beetle_dune,compact,1.8,4,AS6,X,9.6,7.5,8.6,33,201,6,8
2017,volkswagen,beetle_convertible,subcompact,1.8,4,AS6,X,9.7,7.2,8.5,33,199,6,8
2017,volkswagen,cc_4motion,compact,3.6,6,AS6,X,13.9,9.3,11.8,24,277,4,6
2017,volkswagen,golf,compact,1.8,4,AS6,X,9.4,6.7,8.2,34,192,7,8
2017,volkswagen,golf,compact,1.8,4,M5,X,9.3,6.6,8.1,35,190,7,8
2017,volkswagen,golf_gti,compact,2,4,AM6,X,9.6,7.2,8.5,33,199,6,8
2017,volkswagen,golf_gti,compact,2,4,M6,X,9.7,7,8.5,33,198,6,8
2017,volkswagen,golf_r,compact,2,4,AM6,Z,10.4,7.9,9.3,30,216,6,6
2017,volkswagen,golf_r,compact,2,4,M6,Z,10.9,7.7,9.4,30,220,5,6
2017,volkswagen,golf_alltrack,station_wagon_small,1.8,4,AM6,X,10.6,8,9.4,30,220,5,8
2017,volkswagen,golf_sportwagen,station_wagon_small,1.8,4,AS6,X,9.3,6.9,8.2,34,192,7,8
2017,volkswagen,golf_sportwagen,station_wagon_small,1.8,4,M5,X,9.6,6.8,8.3,34,194,6,8
2017,volkswagen,golf_sportwagen_4motion,station_wagon_small,1.8,4,AM6,X,10.6,8,9.4,30,220,5,8
2017,volkswagen,jetta,compact,1.4,4,AS6,X,8.5,6.2,7.4,38,175,7,7
2017,volkswagen,jetta,compact,1.4,4,M5,X,8.3,5.9,7.2,39,168,8,6
2017,volkswagen,jetta,compact,1.8,4,AM6,X,9.4,6.8,8.2,34,193,7,8
2017,volkswagen,jetta,compact,2,4,AS6,X,9.8,7.4,8.7,32,205,6,8
2017,volkswagen,jetta,compact,2,4,M6,X,10.2,7.2,8.9,32,208,6,8
2017,volkswagen,passat,mid_size,1.8,4,AS6,X,10.1,7,8.7,32,204,6,8
2017,volkswagen,passat,mid_size,3.6,6,AM6,X,11.9,8.5,10.4,27,242,5,6
2017,volkswagen,tiguan,suv_small,2,4,AS6,Z,11.7,9.6,10.7,26,256,5,6
2017,volkswagen,tiguan_4motion,suv_small,2,4,AS6,Z,12,10,11.1,25,263,4,6
2017,volkswagen,touareg,suv_standard,3.6,6,AS8,X,13.8,10.4,12.2,23,287,4,5
2017,volvo,s60_t5,compact,2,4,AS8,X,9.6,7,8.4,34,198,6,6
2017,volvo,s60_t5_awd,compact,2,4,AS8,X,10.7,7.8,9.4,30,219,5,6
2017,volvo,s60_inscription_t5,compact,2,4,AS8,X,9.6,7,8.4,34,198,6,6
2017,volvo,s60_inscription_t5_awd,compact,2,4,AS8,X,10.7,7.8,9.4,30,219,5,6
2017,volvo,s60_t6_awd,compact,2,4,AS8,Z,10.9,7.7,9.5,30,221,5,6
2017,volvo,s60_polestar,compact,2,4,AS8,Z,11.8,8.5,10.3,27,241,5,5
2017,volvo,s60_cc_t5_awd,compact,2,4,AS8,X,10.8,7.8,9.4,30,220,5,6
2017,volvo,s90_t5,mid_size,2,4,AS8,Z,10.1,7,8.7,32,204,6,6
2017,volvo,s90_t6_awd,mid_size,2,4,AS8,Z,10.8,7.6,9.4,30,219,5,6
2017,volvo,v60_t5,station_wagon_small,2,4,AS8,X,9.6,7,8.4,34,198,6,6
2017,volvo,v60_t5_awd,station_wagon_small,2,4,AS8,X,10.7,7.8,9.4,30,219,5,6
2017,volvo,v60_t6_awd,station_wagon_small,2,4,AS8,Z,10.9,7.7,9.5,30,221,5,6
2017,volvo,v60_polestar,station_wagon_small,2,4,AS8,Z,11.8,8.5,10.3,27,241,5,5
2017,volvo,v60_cc_t5_awd,station_wagon_small,2,4,AS8,X,10.8,7.8,9.4,30,220,5,6
2017,volvo,v90_t5,station_wagon_mid_size,2,4,AS8,Z,10.1,7,8.7,32,204,6,6
2017,volvo,v90_t6_awd,station_wagon_mid_size,2,4,AS8,Z,10.8,7.6,9.4,30,219,5,6
2017,volvo,v90_cc_t6_awd,station_wagon_mid_size,2,4,AS8,Z,10.7,7.9,9.4,30,221,5,6
2017,volvo,xc60_t5,suv_small,2,4,AS8,X,10.4,7.8,9.2,31,216,6,6
2017,volvo,xc60_t5_awd,suv_small,2,4,AS8,X,11.3,8.4,10,28,233,5,6
2017,volvo,xc60_t6_awd,suv_small,2,4,AS8,Z,11.7,8.7,10.4,27,244,5,6
2017,volvo,xc90_t5,suv_standard,2,4,AS8,Z,10.6,9.1,10,28,232,5,6
2017,volvo,xc90_t5_awd,suv_standard,2,4,AS8,Z,10.8,9.5,10.2,28,239,5,6
2017,volvo,xc90_t6_awd,suv_standard,2,4,AS8,Z,11.5,9.6,10.6,27,249,5,6
